Date;Home;Away;1(o);1(e);X(o);X(e);2(o);2(e);BTS(o);BTS(e);BTS_no(o);BTS_no(e);Over(o);Over(e);Under(o);Under(e);1H;Match;Goals;League;Link;Notes
26.05.2024 22:00;Sevilla;Barcelona;3.60;4.75;3.80;4.20;1.95;1.67;1.44;1.53;2.63;2.38;1.50;1.50;2.63;2.63;1 - 1;1 - 2;15, 31, 59;SPAIN: Laliga - Round 38;https://www.flashscore.com/match/football/bDmOFmNG/#/match-summary;
26.05.2024 17:15;Celta Vigo;Valencia;1.91;1.90;3.60;3.70;4.00;3.80;1.70;1.67;2.05;2.10;1.80;1.80;2.00;2.00;0 - 1;2 - 2;5, 49, 60, 62;SPAIN: Laliga - Round 38;https://www.flashscore.com/match/football/2R3LeSVp/#/match-summary;
26.05.2024 17:15;Las Palmas;Alaves;2.40;2.30;3.30;3.50;3.00;3.00;1.91;1.70;1.91;2.05;2.10;1.87;1.73;2.03;0 - 0;1 - 1;50, 71;SPAIN: Laliga - Round 38;https://www.flashscore.com/match/football/hCtXDRiT/#/match-summary;
26.05.2024 15:00;Getafe;Mallorca;2.30;2.30;3.30;3.20;3.20;3.25;1.95;2.05;1.80;1.70;2.20;2.63;1.67;1.50;0 - 0;1 - 2;48, 90, 90+3;SPAIN: Laliga - Round 38;https://www.flashscore.com/match/football/GUi3KB8o/#/match-summary;
25.05.2024 22:00;Real Madrid;Betis;1.36;1.29;5.50;6.00;7.50;9.00;1.62;1.80;2.20;1.95;1.40;1.33;3.00;3.40;0 - 0;0 - 0;;SPAIN: Laliga - Round 38;https://www.flashscore.com/match/football/txwTE7xN/#/match-summary;
25.05.2024 19:30;Almeria;Cadiz CF;2.10;2.15;3.60;3.75;3.40;3.10;1.62;1.62;2.20;2.20;1.73;1.73;2.10;2.10;0 - 1;6 - 1;30, 48, 51, 57, 65, 71, 86;SPAIN: Laliga - Round 38;https://www.flashscore.com/match/football/0IHg08NT/#/match-summary;
25.05.2024 19:30;Rayo Vallecano;Ath Bilbao;2.70;3.20;3.30;3.25;2.63;2.35;1.80;1.91;1.95;1.91;2.00;2.10;1.80;1.73;0 - 0;0 - 1;67;SPAIN: Laliga - Round 38;https://www.flashscore.com/match/football/jmpGH9h4/#/match-summary;
25.05.2024 17:15;Real Sociedad;Atl. Madrid;2.40;2.63;3.30;3.30;3.00;2.70;1.70;1.67;2.05;2.10;1.91;1.95;1.91;1.95;0 - 1;0 - 2;9, 90+3;SPAIN: Laliga - Round 38;https://www.flashscore.com/match/football/KMlKGT7A/#/match-summary;
25.05.2024 15:00;Osasuna;Villarreal;2.63;2.50;3.50;3.60;2.60;2.63;1.53;1.44;2.38;2.63;1.62;1.57;2.30;2.38;1 - 0;1 - 1;30, 57;SPAIN: Laliga - Round 38;https://www.flashscore.com/match/football/CdoCIkwb/#/match-summary;
24.05.2024 22:00;Girona;Granada CF;1.25;1.22;6.00;7.00;12.00;12.00;1.67;1.67;2.10;2.10;1.33;1.30;3.40;3.50;3 - 0;7 - 0;30, 33, 44, 54, 75, 78, 90;SPAIN: Laliga - Round 38;https://www.flashscore.com/match/football/UXe7JVNi/#/match-summary;
19.05.2024 20:00;Ath Bilbao;Sevilla;1.67;1.55;4.00;4.20;4.75;6.00;1.75;1.80;2.00;1.95;1.73;1.73;2.10;2.10;2 - 0;2 - 0;17, 19;SPAIN: Laliga - Round 37;https://www.flashscore.com/match/football/t2MJmVwO/#/match-summary;
19.05.2024 20:00;Atl. Madrid;Osasuna;1.36;1.33;5.00;5.25;7.50;10.00;2.00;2.10;1.75;1.67;1.73;1.67;2.10;2.20;0 - 1;1 - 4;26, 52, 55, 64, 88;SPAIN: Laliga - Round 37;https://www.flashscore.com/match/football/vmuNnkgU/#/match-summary;
19.05.2024 20:00;Barcelona;Rayo Vallecano;1.33;1.33;5.00;5.50;9.00;8.00;1.80;1.75;1.95;2.00;1.53;1.44;2.50;2.75;1 - 0;3 - 0;3, 72, 75;SPAIN: Laliga - Round 37;https://www.flashscore.com/match/football/4A6T7YOu/#/match-summary;
19.05.2024 20:00;Betis;Real Sociedad;2.63;3.40;3.10;2.90;2.75;2.40;1.95;2.10;1.80;1.67;2.20;2.63;1.67;1.50;0 - 2;0 - 2;5, 42;SPAIN: Laliga - Round 37;https://www.flashscore.com/match/football/r15X6hvn/#/match-summary;
19.05.2024 20:00;Cadiz CF;Las Palmas;1.83;1.90;3.40;3.40;4.50;4.33;2.05;2.05;1.70;1.70;2.30;2.30;1.62;1.62;0 - 0;0 - 0;;SPAIN: Laliga - Round 37;https://www.flashscore.com/match/football/CzAy6Cgh/#/match-summary;
19.05.2024 20:00;Granada CF;Celta Vigo;2.70;3.60;3.40;3.40;2.50;2.10;1.62;1.70;2.20;2.05;1.73;1.95;2.10;1.95;0 - 0;1 - 2;61, 63, 86;SPAIN: Laliga - Round 37;https://www.flashscore.com/match/football/ng2l3AwB/#/match-summary;
19.05.2024 20:00;Mallorca;Almeria;1.67;1.38;3.75;4.50;5.00;9.50;2.10;2.50;1.67;1.50;2.20;2.10;1.67;1.73;1 - 1;2 - 2;29, 41, 66, 83;SPAIN: Laliga - Round 37;https://www.flashscore.com/match/football/Ykbp4jO4/#/match-summary;
19.05.2024 20:00;Valencia;Girona;2.50;3.70;3.40;3.75;2.50;1.95;1.53;1.62;2.38;2.20;1.62;1.73;2.30;2.10;0 - 1;1 - 3;32, 58, 67, 84;SPAIN: Laliga - Round 37;https://www.flashscore.com/match/football/tG1h2UhH/#/match-summary;
19.05.2024 20:00;Villarreal;Real Madrid;3.60;3.00;3.75;3.80;1.91;2.20;1.44;1.36;2.63;3.00;1.44;1.40;2.75;3.00;1 - 4;4 - 4;14, 30, 39, 40, 45+2, 48, 52, 56;SPAIN: Laliga - Round 37;https://www.flashscore.com/match/football/K60d1l8N/#/match-summary;
18.05.2024 22:00;Alaves;Getafe;2.10;1.95;3.10;3.40;3.75;4.20;2.10;1.95;1.67;1.80;2.50;2.20;1.53;1.67;1 - 0;1 - 0;12;SPAIN: Laliga - Round 37;https://www.flashscore.com/match/football/jR8u5W8b/#/match-summary;
16.05.2024 23:00;Real Sociedad;Valencia;1.57;1.45;3.80;4.20;6.00;7.50;2.20;2.38;1.62;1.53;2.20;2.20;1.67;1.67;1 - 0;1 - 0;3;SPAIN: Laliga - Round 36;https://www.flashscore.com/match/football/p8EMBsQD/#/match-summary;
16.05.2024 22:30;Almeria;Barcelona;5.25;7.00;4.75;5.00;1.50;1.40;1.50;1.53;2.50;2.38;1.36;1.36;3.20;3.20;0 - 1;0 - 2;14, 67;SPAIN: Laliga - Round 36;https://www.flashscore.com/match/football/vBRzlvY6/#/match-summary;
16.05.2024 20:30;Las Palmas;Betis;3.60;3.20;3.40;3.20;2.05;2.38;1.80;1.91;1.95;1.91;2.06;2.20;1.84;1.67;1 - 1;2 - 2;21, 27, 49, 64;SPAIN: Laliga - Round 36;https://www.flashscore.com/match/football/IaVbhgPh/#/match-summary;
15.05.2024 23:00;Celta Vigo;Ath Bilbao;3.30;2.30;3.40;3.30;2.15;3.20;1.75;1.80;2.00;1.95;2.02;2.10;1.88;1.73;0 - 1;2 - 1;23, 68, 71;SPAIN: Laliga - Round 36;https://www.flashscore.com/match/football/MXyjfFft/#/match-summary;
15.05.2024 23:00;Getafe;Atl. Madrid;4.20;5.25;3.50;3.70;1.85;1.73;1.95;1.95;1.80;1.80;2.10;2.04;1.73;1.86;0 - 2;0 - 3;27, 42, 51;SPAIN: Laliga - Round 36;https://www.flashscore.com/match/football/4dRfgZ9n/#/match-summary;
15.05.2024 20:30;Rayo Vallecano;Granada CF;1.75;1.53;3.60;4.00;4.75;7.00;2.00;2.10;1.75;1.67;2.20;2.06;1.67;1.84;1 - 0;2 - 1;23, 80, 89;SPAIN: Laliga - Round 36;https://www.flashscore.com/match/football/8lOBki9B/#/match-summary;
15.05.2024 20:30;Sevilla;Cadiz CF;1.83;2.10;3.50;3.40;4.33;3.50;1.95;1.80;1.80;1.95;2.10;2.10;1.73;1.73;0 - 0;0 - 1;90+6;SPAIN: Laliga - Round 36;https://www.flashscore.com/match/football/CMU2iDva/#/match-summary;
14.05.2024 23:00;Girona;Villarreal;1.65;1.70;4.50;4.50;4.33;4.33;1.40;1.40;2.75;2.75;1.36;1.36;3.20;3.20;0 - 0;0 - 1;59;SPAIN: Laliga - Round 36;https://www.flashscore.com/match/football/I1QvmbmD/#/match-summary;
14.05.2024 22:30;Real Madrid;Alaves;1.33;1.22;5.50;7.50;8.00;11.00;2.00;2.00;1.75;1.75;1.67;1.44;2.20;2.75;3 - 0;5 - 0;10, 27, 45+1, 70, 81;SPAIN: Laliga - Round 36;https://www.flashscore.com/match/football/nuNFlBOH/#/match-summary;
14.05.2024 20:30;Osasuna;Mallorca;2.70;2.70;3.00;2.90;2.80;3.00;2.20;2.25;1.62;1.57;2.75;3.00;1.44;1.40;1 - 0;1 - 1;14, 65;SPAIN: Laliga - Round 36;https://www.flashscore.com/match/football/jDT6jXg5/#/match-summary;
13.05.2024 22:00;Barcelona;Real Sociedad;1.80;1.70;3.60;3.80;4.33;5.00;1.80;1.70;1.95;2.05;1.98;1.73;1.92;2.10;1 - 0;2 - 0;40, 90+3;SPAIN: Laliga - Round 35;https://www.flashscore.com/match/football/pljua4t8/#/match-summary;
12.05.2024 22:00;Betis;Almeria;1.40;1.40;4.75;5.25;7.00;6.50;1.80;1.75;1.95;2.00;1.57;1.53;2.38;2.50;2 - 1;3 - 2;8, 28, 45+1, 64, 66;SPAIN: Laliga - Round 35;https://www.flashscore.com/match/football/AVZJiMYs/#/match-summary;
12.05.2024 19:30;Valencia;Rayo Vallecano;2.15;2.25;3.10;3.10;3.75;3.50;2.10;2.10;1.67;1.67;2.50;2.63;1.53;1.50;0 - 0;0 - 0;;SPAIN: Laliga - Round 35;https://www.flashscore.com/match/football/lMYNjtll/#/match-summary;
12.05.2024 17:15;Atl. Madrid;Celta Vigo;1.45;1.40;4.50;4.50;6.50;8.00;1.75;1.75;2.00;2.00;1.57;1.57;2.38;2.38;0 - 0;1 - 0;84;SPAIN: Laliga - Round 35;https://www.flashscore.com/match/football/tGPbjCx8/#/match-summary;
12.05.2024 15:00;Cadiz CF;Getafe;2.30;2.05;3.00;3.25;3.40;4.00;2.10;2.10;1.67;1.67;2.63;2.50;1.50;1.53;1 - 0;1 - 0;35;SPAIN: Laliga - Round 35;https://www.flashscore.com/match/football/dOgqbOeE/#/match-summary;
11.05.2024 22:00;Ath Bilbao;Osasuna;1.40;1.40;4.50;4.50;8.00;8.50;2.20;2.20;1.62;1.62;2.02;2.00;1.88;1.90;0 - 1;2 - 2;40, 47, 58, 90+6;SPAIN: Laliga - Round 35;https://www.flashscore.com/match/football/2PQfihN1/#/match-summary;
11.05.2024 19:30;Granada CF;Real Madrid;6.00;5.50;4.75;4.75;1.45;1.55;1.75;1.75;2.00;2.00;1.57;1.62;2.38;2.30;0 - 2;0 - 4;38, 45+2, 49, 58;SPAIN: Laliga - Round 35;https://www.flashscore.com/match/football/jogmcrBK/#/match-summary;
11.05.2024 17:15;Villarreal;Sevilla;1.91;1.95;3.80;3.80;3.60;3.50;1.57;1.57;2.25;2.25;1.62;1.62;2.30;2.30;1 - 2;3 - 2;26, 30, 44, 84, 90+7;SPAIN: Laliga - Round 35;https://www.flashscore.com/match/football/rqYRk03f/#/match-summary;
11.05.2024 15:00;Mallorca;Las Palmas;1.75;1.62;3.40;3.60;5.00;6.50;2.20;2.50;1.62;1.50;2.38;2.50;1.57;1.53;1 - 0;1 - 0;29;SPAIN: Laliga - Round 35;https://www.flashscore.com/match/football/dnxWlKI0/#/match-summary;
10.05.2024 22:00;Alaves;Girona;3.30;3.10;3.50;3.50;2.10;2.25;1.70;1.62;2.05;2.20;1.88;1.73;2.02;2.10;1 - 2;2 - 2;4, 12, 44, 90+9;SPAIN: Laliga - Round 35;https://www.flashscore.com/match/football/Uyhid2QQ/#/match-summary;
05.05.2024 22:00;Rayo Vallecano;Almeria;1.50;1.65;4.20;3.80;6.00;5.50;1.95;1.95;1.80;1.80;1.80;2.05;2.00;1.85;0 - 1;0 - 1;30;SPAIN: Laliga - Round 34;https://www.flashscore.com/match/football/roPPwZh2/#/match-summary;
05.05.2024 22:00;Sevilla;Granada CF;1.50;1.70;4.33;4.00;5.75;4.75;1.95;1.91;1.80;1.91;1.80;1.95;2.00;1.95;1 - 0;3 - 0;11, 51, 80;SPAIN: Laliga - Round 34;https://www.flashscore.com/match/football/CzYsffwq/#/match-summary;
05.05.2024 19:30;Valencia;Alaves;2.00;2.20;3.10;3.20;4.10;3.60;2.10;2.10;1.67;1.67;2.50;2.50;1.53;1.53;0 - 0;0 - 1;68;SPAIN: Laliga - Round 34;https://www.flashscore.com/match/football/YkMjhY7e/#/match-summary;
05.05.2024 17:15;Celta Vigo;Villarreal;2.20;2.63;3.50;3.60;3.10;2.50;1.53;1.53;2.38;2.38;1.62;1.62;2.30;2.30;2 - 1;3 - 2;12, 22, 39, 65, 82;SPAIN: Laliga - Round 34;https://www.flashscore.com/match/football/UsLLvFwd/#/match-summary;
05.05.2024 15:00;Osasuna;Betis;2.70;3.25;3.20;3.25;2.60;2.30;1.80;1.95;1.95;1.80;2.10;2.30;1.73;1.62;0 - 2;0 - 2;41, 45+3;SPAIN: Laliga - Round 34;https://www.flashscore.com/match/football/thsCaGFL/#/match-summary;
04.05.2024 22:00;Mallorca;Atl. Madrid;3.60;3.75;3.20;3.00;2.10;2.20;2.00;2.10;1.75;1.67;2.30;2.75;1.62;1.44;0 - 1;0 - 1;5;SPAIN: Laliga - Round 34;https://www.flashscore.com/match/football/zuCB1xo9/#/match-summary;
04.05.2024 19:30;Girona;Barcelona;2.75;2.88;3.50;3.80;2.40;2.30;1.44;1.40;2.63;2.75;1.50;1.44;2.63;2.75;1 - 2;4 - 2;3, 4, 45+1, 65, 67, 74;SPAIN: Laliga - Round 34;https://www.flashscore.com/match/football/21r80d0F/#/match-summary;
04.05.2024 17:15;Real Madrid;Cadiz CF;1.30;1.36;5.00;4.75;10.00;9.00;1.95;2.20;1.80;1.62;1.57;1.93;2.38;1.97;0 - 0;3 - 0;51, 68, 90+3;SPAIN: Laliga - Round 34;https://www.flashscore.com/match/football/zFtGbzVR/#/match-summary;
04.05.2024 15:00;Real Sociedad;Las Palmas;1.40;1.33;4.33;5.00;8.00;11.00;2.10;2.25;1.67;1.57;1.91;1.95;1.91;1.95;2 - 0;2 - 0;33, 45+1;SPAIN: Laliga - Round 34;https://www.flashscore.com/match/football/faNngEhk/#/match-summary;
03.05.2024 22:00;Getafe;Ath Bilbao;3.20;3.75;3.20;3.10;2.25;2.15;2.00;2.05;1.75;1.70;2.30;2.63;1.62;1.50;0 - 1;0 - 2;27, 51;SPAIN: Laliga - Round 34;https://www.flashscore.com/match/football/dlD72IV2/#/match-summary;
29.04.2024 22:00;Barcelona;Valencia;1.40;1.33;4.75;5.75;7.00;8.00;1.92;1.75;1.77;2.00;1.73;1.44;2.10;2.75;1 - 2;4 - 2;22, 27, 38, 49, 82, 90+3;SPAIN: Laliga - Round 33;https://www.flashscore.com/match/football/YF5sRe9d/#/match-summary;
28.04.2024 22:00;Betis;Sevilla;2.15;1.91;3.25;3.40;3.40;4.00;2.00;1.91;1.75;1.91;2.30;2.10;1.62;1.73;1 - 0;1 - 1;38, 56;SPAIN: Laliga - Round 33;https://www.flashscore.com/match/football/AXlQkunc/#/match-summary;
28.04.2024 19:30;Villarreal;Rayo Vallecano;1.73;1.75;3.60;3.75;4.75;4.75;1.75;1.91;2.00;1.91;1.80;2.00;2.00;1.90;1 - 0;3 - 0;18, 69, 74;SPAIN: Laliga - Round 33;https://www.flashscore.com/match/football/8SWCty9q/#/match-summary;
28.04.2024 17:15;Granada CF;Osasuna;2.80;2.38;3.10;3.00;2.60;3.30;1.95;2.00;1.80;1.75;2.30;2.38;1.62;1.57;1 - 0;3 - 0;29, 48, 90+4;SPAIN: Laliga - Round 33;https://www.flashscore.com/match/football/romYmJG9/#/match-summary;
28.04.2024 15:00;Cadiz CF;Mallorca;2.50;2.75;3.00;2.80;3.00;3.00;2.20;2.50;1.62;1.50;2.75;3.40;1.44;1.33;0 - 1;1 - 1;12, 59;SPAIN: Laliga - Round 33;https://www.flashscore.com/match/football/lOmUla13/#/match-summary;
27.04.2024 22:00;Atl. Madrid;Ath Bilbao;1.83;1.95;3.50;3.40;4.20;4.20;1.91;1.91;1.91;1.91;2.00;2.10;1.80;1.73;1 - 1;3 - 1;15, 45, 52, 80;SPAIN: Laliga - Round 33;https://www.flashscore.com/match/football/xptsncoM/#/match-summary;
27.04.2024 19:30;Alaves;Celta Vigo;2.10;2.55;3.10;3.20;3.75;2.80;2.20;1.95;1.62;1.80;2.63;2.30;1.50;1.62;0 - 0;3 - 0;48, 54, 86;SPAIN: Laliga - Round 33;https://www.flashscore.com/match/football/fLjxmwWF/#/match-summary;
27.04.2024 17:15;Almeria;Getafe;2.63;2.50;3.40;3.30;2.50;2.88;1.70;1.91;2.05;1.91;1.91;2.10;1.91;1.73;1 - 1;1 - 3;27, 41, 48, 61;SPAIN: Laliga - Round 33;https://www.flashscore.com/match/football/fP6wSyfj/#/match-summary;
27.04.2024 15:00;Las Palmas;Girona;3.20;4.75;3.30;4.00;2.20;1.65;1.75;1.70;2.00;2.05;1.91;1.67;1.91;2.20;0 - 1;0 - 2;26, 57;SPAIN: Laliga - Round 33;https://www.flashscore.com/match/football/GzuooH0S/#/match-summary;
26.04.2024 22:00;Real Sociedad;Real Madrid;3.75;2.25;3.40;3.20;2.00;3.25;1.80;2.00;1.95;1.75;2.00;2.38;1.80;1.57;0 - 1;0 - 1;29;SPAIN: Laliga - Round 33;https://www.flashscore.com/match/football/nJVGueOk/#/match-summary;
22.04.2024 22:00;Sevilla;Mallorca;1.85;2.10;3.30;3.00;4.75;4.00;2.10;2.05;1.67;1.70;2.38;2.50;1.57;1.53;0 - 0;2 - 1;61, 75, 90+5;SPAIN: Laliga - Round 32;https://www.flashscore.com/match/football/OtG7XcWS/#/match-summary;
21.04.2024 22:00;Real Madrid;Barcelona;1.73;1.73;3.80;4.20;4.50;4.33;1.53;1.50;2.38;2.50;1.57;1.50;2.38;2.63;1 - 1;3 - 2;6, 18, 69, 73, 90+1;SPAIN: Laliga - Round 32;https://www.flashscore.com/match/football/f1Sfz0nA/#/match-summary;
21.04.2024 19:30;Alaves;Atl. Madrid;3.60;4.75;3.40;3.60;2.05;1.80;1.91;2.05;1.91;1.70;2.10;2.30;1.73;1.62;1 - 0;2 - 0;15, 90+2;SPAIN: Laliga - Round 32;https://www.flashscore.com/match/football/GATjytX3/#/match-summary;
21.04.2024 17:15;Almeria;Villarreal;3.20;3.30;3.40;4.20;2.20;1.95;1.53;1.44;2.38;2.63;1.67;1.44;2.20;2.75;1 - 1;1 - 2;25, 30, 90+2;SPAIN: Laliga - Round 32;https://www.flashscore.com/match/football/SlmdFbAp/#/match-summary;
21.04.2024 15:00;Getafe;Real Sociedad;3.50;3.60;3.10;3.00;2.20;2.25;2.20;2.25;1.62;1.57;2.75;2.75;1.44;1.44;1 - 1;1 - 1;13, 29;SPAIN: Laliga - Round 32;https://www.flashscore.com/match/football/YovnxMHc/#/match-summary;
20.04.2024 22:00;Girona;Cadiz CF;1.40;1.40;4.75;4.75;7.50;7.00;1.91;1.95;1.91;1.80;1.67;1.73;2.20;2.10;2 - 0;4 - 1;9, 22, 71, 81, 82;SPAIN: Laliga - Round 32;https://www.flashscore.com/match/football/tIQ2YwHM/#/match-summary;
20.04.2024 19:30;Valencia;Betis;2.30;2.75;3.10;3.00;3.30;2.80;1.95;2.10;1.80;1.67;2.30;2.63;1.62;1.50;0 - 1;1 - 2;19, 66, 77;SPAIN: Laliga - Round 32;https://www.flashscore.com/match/football/2RRbZJ1G/#/match-summary;
20.04.2024 17:15;Rayo Vallecano;Osasuna;2.15;2.10;3.10;3.00;3.60;4.20;2.05;2.20;1.70;1.62;2.50;2.75;1.53;1.44;0 - 1;2 - 1;29, 80, 84;SPAIN: Laliga - Round 32;https://www.flashscore.com/match/football/027ZSHvp/#/match-summary;
20.04.2024 15:00;Celta Vigo;Las Palmas;1.91;1.65;3.50;3.80;4.00;5.25;1.91;1.91;1.91;1.91;2.00;1.95;1.80;1.95;2 - 1;4 - 1;11, 37, 39, 71, 76;SPAIN: Laliga - Round 32;https://www.flashscore.com/match/football/Krzrw22i/#/match-summary;
19.04.2024 22:00;Ath Bilbao;Granada CF;1.29;1.30;5.50;5.50;10.00;10.00;2.10;2.10;1.67;1.67;1.67;1.67;2.20;2.20;1 - 1;1 - 1;6, 24;SPAIN: Laliga - Round 32;https://www.flashscore.com/match/football/6un0EIPj/#/match-summary;
15.04.2024 22:00;Osasuna;Valencia;2.38;2.30;3.00;3.00;3.25;3.40;2.10;2.20;1.67;1.62;2.60;2.60;1.48;1.48;0 - 1;0 - 1;18;SPAIN: Laliga - Round 31;https://www.flashscore.com/match/football/KQO7ykRn/#/match-summary;
14.04.2024 22:00;Real Sociedad;Almeria;1.36;1.30;5.00;5.00;8.00;11.00;2.05;2.05;1.70;1.70;1.73;1.65;2.08;2.20;1 - 1;2 - 2;30, 32, 59, 88;SPAIN: Laliga - Round 31;https://www.flashscore.com/match/football/ttDGZSea/#/match-summary;
14.04.2024 19:30;Ath Bilbao;Villarreal;1.60;1.57;4.00;4.20;5.25;5.25;1.70;1.70;2.05;2.05;1.65;1.65;2.20;2.20;0 - 0;1 - 1;66, 90+5;SPAIN: Laliga - Round 31;https://www.flashscore.com/match/football/YZkkJ7BI/#/match-summary;
14.04.2024 17:15;Granada CF;Alaves;2.63;2.70;3.10;3.00;2.70;2.88;1.91;1.95;1.91;1.80;2.20;2.35;1.65;1.57;2 - 0;2 - 0;9, 38;SPAIN: Laliga - Round 31;https://www.flashscore.com/match/football/CvURWQuI/#/match-summary;
14.04.2024 15:00;Las Palmas;Sevilla;2.63;2.70;3.20;3.30;2.63;2.63;1.80;1.80;1.95;1.95;2.10;2.03;1.70;1.87;0 - 1;0 - 2;43, 90+3;SPAIN: Laliga - Round 31;https://www.flashscore.com/match/football/bHNBz9tg/#/match-summary;
13.04.2024 22:00;Cadiz CF;Barcelona;5.25;3.60;4.00;3.40;1.60;2.05;1.80;1.80;1.95;1.95;1.75;2.07;2.05;1.83;0 - 1;0 - 1;37;SPAIN: Laliga - Round 31;https://www.flashscore.com/match/football/vRVJYnB5/#/match-summary;
13.04.2024 19:30;Mallorca;Real Madrid;4.75;5.00;3.75;3.60;1.70;1.75;1.95;2.00;1.80;1.75;2.05;2.15;1.75;1.67;0 - 0;0 - 1;48;SPAIN: Laliga - Round 31;https://www.flashscore.com/match/football/jiK3xVBt/#/match-summary;
13.04.2024 17:15;Rayo Vallecano;Getafe;2.05;2.40;3.20;2.90;3.80;3.25;2.10;2.10;1.67;1.67;2.40;2.70;1.53;1.44;0 - 0;0 - 0;;SPAIN: Laliga - Round 31;https://www.flashscore.com/match/football/YmVNX6QB/#/match-summary;
13.04.2024 15:00;Atl. Madrid;Girona;1.85;1.85;3.75;3.75;4.00;4.00;1.57;1.57;2.25;2.25;1.62;1.65;2.25;2.20;2 - 1;3 - 1;4, 34, 45+6, 50;SPAIN: Laliga - Round 31;https://www.flashscore.com/match/football/nwfgIRQO/#/match-summary;
12.04.2024 22:00;Betis;Celta Vigo;2.00;1.91;3.50;3.50;3.50;4.00;1.80;1.91;1.95;1.91;2.03;2.07;1.87;1.86;0 - 0;2 - 1;53, 83, 90+1;SPAIN: Laliga - Round 31;https://www.flashscore.com/match/football/lrYysB3P/#/match-summary;
04.04.2024 21:00;Granada CF;Valencia;2.63;3.00;2.88;3.00;2.88;2.55;1.95;1.80;1.80;1.95;2.25;2.20;1.62;1.65;0 - 0;0 - 1;77;SPAIN: Laliga - Round 26;https://www.flashscore.com/match/football/YiLZl50A/#/match-summary;
01.04.2024 22:00;Villarreal;Atl. Madrid;3.20;3.40;3.60;3.60;2.10;2.05;1.50;1.62;2.50;2.20;1.57;1.73;2.35;2.08;0 - 1;1 - 2;9, 50, 87;SPAIN: Laliga - Round 30;https://www.flashscore.com/match/football/KAzpM9Ra/#/match-summary;
31.03.2024 22:00;Real Madrid;Ath Bilbao;1.50;1.57;4.20;4.33;6.00;5.75;1.91;1.80;1.91;1.95;1.73;1.75;2.08;2.05;1 - 0;2 - 0;8, 73;SPAIN: Laliga - Round 30;https://www.flashscore.com/match/football/tKytNkCg/#/match-summary;
31.03.2024 19:30;Alaves;Real Sociedad;3.00;4.00;3.00;3.00;2.50;2.15;2.10;2.20;1.67;1.62;2.60;2.70;1.48;1.44;0 - 0;0 - 1;59;SPAIN: Laliga - Round 30;https://www.flashscore.com/match/football/ncxxOVdm/#/match-summary;
31.03.2024 17:15;Girona;Betis;1.80;1.70;3.80;4.00;4.00;4.75;1.62;1.62;2.20;2.20;1.65;1.65;2.20;2.20;1 - 1;3 - 2;36, 45+4, 65, 76, 90+2;SPAIN: Laliga - Round 30;https://www.flashscore.com/match/football/0MisLTt6/#/match-summary;
31.03.2024 15:00;Celta Vigo;Rayo Vallecano;2.15;1.91;3.20;3.50;3.50;4.20;1.95;1.91;1.80;1.91;2.20;2.01;1.65;1.89;0 - 0;0 - 0;;SPAIN: Laliga - Round 30;https://www.flashscore.com/match/football/SCe5TiZP/#/match-summary;
30.03.2024 23:00;Barcelona;Las Palmas;1.29;1.29;5.50;6.50;10.00;10.00;1.80;1.80;1.95;1.95;1.48;1.40;2.60;2.88;0 - 0;1 - 0;59;SPAIN: Laliga - Round 30;https://www.flashscore.com/match/football/063J5lsJ/#/match-summary;
30.03.2024 20:30;Valencia;Mallorca;1.91;2.10;3.10;3.00;4.50;4.00;2.38;2.38;1.53;1.53;2.70;2.88;1.44;1.40;0 - 0;0 - 0;;SPAIN: Laliga - Round 30;https://www.flashscore.com/match/football/vDjoKmdC/#/match-summary;
30.03.2024 18:15;Almeria;Osasuna;2.75;2.45;3.20;3.25;2.63;3.00;1.80;1.80;1.95;1.95;2.10;2.05;1.70;1.75;0 - 2;0 - 3;2, 9, 61;SPAIN: Laliga - Round 30;https://www.flashscore.com/match/football/MF4F6URC/#/match-summary;
30.03.2024 16:00;Getafe;Sevilla;2.38;2.63;3.20;3.00;3.00;3.00;1.95;1.95;1.80;1.80;2.25;2.40;1.62;1.53;0 - 1;0 - 1;5;SPAIN: Laliga - Round 30;https://www.flashscore.com/match/football/YgYXOBss/#/match-summary;
29.03.2024 23:00;Cadiz CF;Granada CF;2.05;1.91;3.30;3.25;3.60;4.75;1.95;2.25;1.80;1.57;2.15;2.60;1.67;1.48;0 - 0;1 - 0;51;SPAIN: Laliga - Round 30;https://www.flashscore.com/match/football/lMd1UXJJ/#/match-summary;
17.03.2024 23:00;Atl. Madrid;Barcelona;2.40;2.20;3.75;3.60;2.70;3.20;1.53;1.57;2.38;2.25;1.60;1.70;2.30;2.10;0 - 1;0 - 3;38, 47, 65;SPAIN: Laliga - Round 29;https://www.flashscore.com/match/football/ncjXgir7/#/match-summary;
17.03.2024 20:30;Rayo Vallecano;Betis;2.20;2.50;3.25;3.00;3.25;3.10;1.95;1.95;1.80;1.80;2.15;2.35;1.67;1.57;1 - 0;2 - 0;40, 78;SPAIN: Laliga - Round 29;https://www.flashscore.com/match/football/zJWRFY4Q/#/match-summary;
17.03.2024 18:15;Las Palmas;Almeria;1.91;1.75;3.50;4.00;4.00;4.50;1.80;1.75;1.95;2.00;1.97;1.70;1.93;2.10;0 - 1;0 - 1;14;SPAIN: Laliga - Round 29;https://www.flashscore.com/match/football/tdXNGEkK/#/match-summary;
17.03.2024 18:15;Villarreal;Valencia;2.00;2.20;3.50;3.30;3.60;3.30;1.70;1.75;2.05;2.00;1.88;2.07;2.02;1.83;0 - 0;1 - 0;54;SPAIN: Laliga - Round 29;https://www.flashscore.com/match/football/YgC29Wsf/#/match-summary;
17.03.2024 16:00;Sevilla;Celta Vigo;2.00;1.95;3.30;3.50;3.80;4.00;1.91;1.80;1.91;1.95;2.05;1.93;1.75;1.97;1 - 0;1 - 2;18, 72, 78;SPAIN: Laliga - Round 29;https://www.flashscore.com/match/football/f3DbACSm/#/match-summary;
16.03.2024 23:00;Ath Bilbao;Alaves;1.60;1.60;3.75;3.60;6.00;6.50;2.20;2.25;1.62;1.57;2.15;2.25;1.67;1.62;2 - 0;2 - 0;32, 37;SPAIN: Laliga - Round 29;https://www.flashscore.com/match/football/viFA7AC6/#/match-summary;
16.03.2024 20:30;Getafe;Girona;2.75;3.60;3.30;3.40;2.50;2.05;1.70;1.80;2.05;1.95;1.92;2.06;1.98;1.84;1 - 0;1 - 0;33;SPAIN: Laliga - Round 29;https://www.flashscore.com/match/football/QmkygBcD/#/match-summary;
16.03.2024 18:15;Osasuna;Real Madrid;5.50;6.50;4.00;4.50;1.57;1.50;1.91;2.00;1.91;1.75;1.80;1.88;2.00;2.02;1 - 2;2 - 4;4, 7, 18, 61, 64, 90+1;SPAIN: Laliga - Round 29;https://www.flashscore.com/match/football/ShTJHfzE/#/match-summary;
16.03.2024 16:00;Mallorca;Granada CF;1.83;1.80;3.30;3.30;4.50;5.25;2.20;2.25;1.62;1.57;2.40;2.50;1.53;1.50;0 - 0;1 - 0;85;SPAIN: Laliga - Round 29;https://www.flashscore.com/match/football/SGB68jc0/#/match-summary;
15.03.2024 23:00;Real Sociedad;Cadiz CF;1.45;1.44;4.20;4.20;7.50;10.00;2.63;2.63;1.44;1.44;2.30;2.35;1.60;1.57;1 - 0;2 - 0;28, 68;SPAIN: Laliga - Round 29;https://www.flashscore.com/match/football/xSIgBhDs/#/match-summary;
11.03.2024 23:00;Almeria;Sevilla;2.88;3.40;3.25;3.30;2.45;2.15;1.75;1.80;2.00;1.95;1.98;2.06;1.92;1.84;1 - 0;2 - 2;38, 81, 86, 90+5;SPAIN: Laliga - Round 28;https://www.flashscore.com/match/football/0SCjsEb1/#/match-summary;
10.03.2024 23:00;Betis;Villarreal;1.95;2.10;3.60;3.50;3.60;3.30;1.62;1.67;2.20;2.10;1.70;1.80;2.10;2.00;2 - 1;2 - 3;30, 40, 45+2, 48, 67;SPAIN: Laliga - Round 28;https://www.flashscore.com/match/football/Q54x5Hj8/#/match-summary;
10.03.2024 20:30;Real Madrid;Celta Vigo;1.25;1.33;6.00;5.25;10.00;8.50;1.95;1.91;1.80;1.91;1.48;1.57;2.60;2.35;1 - 0;4 - 0;21, 79, 88, 90+4;SPAIN: Laliga - Round 28;https://www.flashscore.com/match/football/EVxQeDDf/#/match-summary;
10.03.2024 18:15;Las Palmas;Ath Bilbao;4.00;4.75;3.30;3.50;1.95;1.80;1.95;1.95;1.80;1.80;2.15;2.10;1.67;1.70;0 - 1;0 - 2;31, 65;SPAIN: Laliga - Round 28;https://www.flashscore.com/match/football/I3qHcZrr/#/match-summary;
10.03.2024 16:00;Alaves;Rayo Vallecano;2.15;2.10;3.10;3.00;3.60;4.00;2.10;2.10;1.67;1.67;2.50;2.60;1.50;1.48;1 - 0;1 - 0;44;SPAIN: Laliga - Round 28;https://www.flashscore.com/match/football/0Odk2FzR/#/match-summary;
09.03.2024 23:00;Girona;Osasuna;1.62;1.50;4.00;4.50;5.00;5.75;1.75;1.91;2.00;1.91;1.67;1.70;2.15;2.10;1 - 0;2 - 0;13, 86;SPAIN: Laliga - Round 28;https://www.flashscore.com/match/football/4d3t4y6E/#/match-summary;
09.03.2024 20:30;Granada CF;Real Sociedad;4.75;4.75;3.30;3.20;1.83;1.91;2.05;2.20;1.70;1.62;2.25;2.50;1.62;1.50;2 - 1;2 - 3;21, 33, 45+3, 80, 85;SPAIN: Laliga - Round 28;https://www.flashscore.com/match/football/MXco3eLK/#/match-summary;
09.03.2024 18:15;Cadiz CF;Atl. Madrid;4.75;4.50;3.60;3.60;1.75;1.75;2.00;1.95;1.75;1.80;2.08;2.05;1.73;1.75;1 - 0;2 - 0;24, 64;SPAIN: Laliga - Round 28;https://www.flashscore.com/match/football/W6mLdgbl/#/match-summary;
09.03.2024 16:00;Valencia;Getafe;2.20;1.83;3.10;3.10;3.60;5.25;2.20;2.38;1.62;1.53;2.70;2.70;1.44;1.44;1 - 0;1 - 0;40;SPAIN: Laliga - Round 28;https://www.flashscore.com/match/football/hMyUfXS0/#/match-summary;
08.03.2024 23:00;Barcelona;Mallorca;1.30;1.44;5.50;4.50;8.50;7.00;2.05;2.00;1.70;1.75;1.67;1.90;2.15;2.00;0 - 0;1 - 0;73;SPAIN: Laliga - Round 28;https://www.flashscore.com/match/football/C2GftYD7/#/match-summary;
04.03.2024 23:00;Osasuna;Alaves;2.30;2.30;3.10;3.00;3.30;3.50;2.10;2.20;1.67;1.62;2.50;2.70;1.50;1.44;0 - 0;1 - 0;76;SPAIN: Laliga - Round 27;https://www.flashscore.com/match/football/I3Norfqe/#/match-summary;
03.03.2024 23:00;Ath Bilbao;Barcelona;2.40;3.20;3.50;3.50;2.75;2.25;1.62;1.67;2.20;2.10;1.70;1.95;2.10;1.95;0 - 0;0 - 0;;SPAIN: Laliga - Round 27;https://www.flashscore.com/match/football/Qk0EsNhp/#/match-summary;
03.03.2024 20:30;Mallorca;Girona;3.20;3.50;3.20;3.25;2.25;2.15;1.80;1.91;1.95;1.91;2.05;2.15;1.75;1.67;1 - 0;1 - 0;33;SPAIN: Laliga - Round 27;https://www.flashscore.com/match/football/jk752OU9/#/match-summary;
03.03.2024 18:15;Atl. Madrid;Betis;1.57;1.53;4.00;4.20;5.50;6.50;1.80;1.95;1.95;1.80;1.70;1.87;2.10;2.03;2 - 0;2 - 1;8, 44, 62;SPAIN: Laliga - Round 27;https://www.flashscore.com/match/football/4taIts8j/#/match-summary;
03.03.2024 16:00;Villarreal;Granada CF;1.70;1.73;3.75;3.80;4.75;4.75;1.67;1.67;2.10;2.10;1.65;1.65;2.20;2.20;3 - 0;5 - 1;7, 19, 32, 47, 66, 90+1;SPAIN: Laliga - Round 27;https://www.flashscore.com/match/football/vDOsqzUl/#/match-summary;
02.03.2024 23:00;Valencia;Real Madrid;5.50;5.50;3.80;4.00;1.62;1.62;1.95;1.95;1.80;1.80;1.95;1.95;1.95;1.95;2 - 1;2 - 2;27, 30, 45+5, 76;SPAIN: Laliga - Round 27;https://www.flashscore.com/match/football/YDdA1rpG/#/match-summary;
02.03.2024 20:30;Getafe;Las Palmas;1.83;2.05;3.25;3.20;4.75;4.00;2.20;2.00;1.62;1.75;2.40;2.30;1.53;1.60;3 - 1;3 - 3;11, 14, 35, 45, 50, 57;SPAIN: Laliga - Round 27;https://www.flashscore.com/match/football/4Y4g5Qpi/#/match-summary;
02.03.2024 18:15;Rayo Vallecano;Cadiz CF;1.80;1.73;3.20;3.40;5.00;5.50;2.25;2.20;1.57;1.62;2.60;2.40;1.48;1.53;0 - 0;1 - 1;88, 90+12;SPAIN: Laliga - Round 27;https://www.flashscore.com/match/football/xn3134F3/#/match-summary;
02.03.2024 16:00;Sevilla;Real Sociedad;2.50;2.63;3.00;2.90;3.00;3.00;2.10;2.20;1.67;1.62;2.50;2.88;1.50;1.40;2 - 1;3 - 2;11, 13, 45+5, 65, 90+2;SPAIN: Laliga - Round 27;https://www.flashscore.com/match/football/AwKwpGEr/#/match-summary;
01.03.2024 23:00;Celta Vigo;Almeria;1.75;1.80;3.75;3.75;4.33;4.33;1.80;1.80;1.95;1.95;1.92;1.88;1.98;2.02;0 - 0;1 - 0;73;SPAIN: Laliga - Round 27;https://www.flashscore.com/match/football/rP3c4p0c/#/match-summary;
26.02.2024 23:00;Girona;Rayo Vallecano;1.60;1.62;4.20;4.00;5.00;5.25;1.80;1.75;1.95;2.00;1.73;1.75;2.08;2.05;0 - 0;3 - 0;52, 90+1, 90+5;SPAIN: Laliga - Round 26;https://www.flashscore.com/match/football/r3SMi7Gi/#/match-summary;
25.02.2024 23:00;Real Madrid;Sevilla;1.30;1.29;5.50;6.00;8.50;9.50;1.95;1.91;1.80;1.91;1.53;1.48;2.40;2.60;0 - 0;1 - 0;81;SPAIN: Laliga - Round 26;https://www.flashscore.com/match/football/QRHRjRVc/#/match-summary;
25.02.2024 20:30;Las Palmas;Osasuna;2.40;2.50;2.88;2.88;3.20;3.40;2.05;2.05;1.70;1.70;2.50;2.50;1.50;1.50;0 - 0;1 - 1;49, 52;SPAIN: Laliga - Round 26;https://www.flashscore.com/match/football/CrKwlPFG/#/match-summary;
25.02.2024 18:15;Betis;Ath Bilbao;2.90;3.75;3.00;3.25;2.55;2.10;1.80;1.95;1.95;1.80;2.10;2.15;1.70;1.67;2 - 1;3 - 1;13, 38, 45+7, 67;SPAIN: Laliga - Round 26;https://www.flashscore.com/match/football/8ADnn3pT/#/match-summary;
25.02.2024 16:00;Cadiz CF;Celta Vigo;2.75;3.20;2.88;3.00;2.75;2.50;2.05;2.20;1.70;1.62;2.50;2.70;1.50;1.44;0 - 1;2 - 2;11, 58, 66, 90+10;SPAIN: Laliga - Round 26;https://www.flashscore.com/match/football/pI9Jhm1o/#/match-summary;
24.02.2024 23:00;Almeria;Atl. Madrid;4.33;4.75;3.75;4.00;1.73;1.70;1.70;1.80;2.05;1.95;1.70;1.75;2.10;2.05;1 - 1;2 - 2;2, 27, 57, 64;SPAIN: Laliga - Round 26;https://www.flashscore.com/match/football/U5Z9YqGT/#/match-summary;
24.02.2024 20:30;Alaves;Mallorca;1.95;1.91;3.00;3.00;4.50;5.25;2.25;2.63;1.57;1.44;2.70;3.40;1.44;1.33;0 - 0;1 - 1;76, 88;SPAIN: Laliga - Round 26;https://www.flashscore.com/match/football/f79rmqVM/#/match-summary;
24.02.2024 18:15;Barcelona;Getafe;1.40;1.40;5.00;5.00;7.00;7.00;1.95;1.95;1.80;1.80;1.65;1.70;2.20;2.10;1 - 0;4 - 0;20, 53, 61, 90+1;SPAIN: Laliga - Round 26;https://www.flashscore.com/match/football/WELyU3Op/#/match-summary;
23.02.2024 23:00;Real Sociedad;Villarreal;1.73;1.62;3.60;4.00;4.75;5.50;1.95;1.80;1.80;1.95;2.06;1.88;1.84;2.02;0 - 1;1 - 3;17, 47, 86, 90+5;SPAIN: Laliga - Round 26;https://www.flashscore.com/match/football/4IGVkoo4/#/match-summary;
19.02.2024 23:00;Ath Bilbao;Girona;1.95;1.83;3.40;3.60;3.60;4.33;1.62;1.80;2.20;1.95;1.75;1.95;2.05;1.95;1 - 0;3 - 2;2, 49, 56, 60, 75;SPAIN: Laliga - Round 25;https://www.flashscore.com/match/football/xlYTyb5O/#/match-summary;
18.02.2024 23:00;Betis;Alaves;1.95;2.40;3.40;3.10;3.60;3.25;1.80;2.05;1.95;1.70;2.01;2.50;1.89;1.50;0 - 0;0 - 0;;SPAIN: Laliga - Round 25;https://www.flashscore.com/match/football/CUv5ZP0N/#/match-summary;
18.02.2024 20:30;Mallorca;Real Sociedad;3.10;3.60;2.88;2.88;2.55;2.30;2.38;2.75;1.53;1.40;3.10;3.60;1.36;1.29;1 - 1;1 - 2;4, 38, 90+3;SPAIN: Laliga - Round 25;https://www.flashscore.com/match/football/IsjxtAHu/#/match-summary;
18.02.2024 18:15;Granada CF;Almeria;2.00;2.25;3.50;3.40;3.40;3.20;1.75;1.80;2.00;1.95;1.89;2.08;2.01;1.82;0 - 1;1 - 1;9, 75;SPAIN: Laliga - Round 25;https://www.flashscore.com/match/football/4blpvlnh/#/match-summary;
18.02.2024 16:00;Rayo Vallecano;Real Madrid;5.00;5.00;3.75;4.00;1.67;1.67;1.80;1.75;1.95;2.00;1.80;1.75;2.00;2.05;1 - 1;1 - 1;3, 27;SPAIN: Laliga - Round 25;https://www.flashscore.com/match/football/dYltuUWo/#/match-summary;
17.02.2024 23:00;Valencia;Sevilla;2.05;2.25;3.40;3.20;3.50;3.40;1.95;2.05;1.80;1.70;2.10;2.40;1.70;1.53;0 - 0;0 - 0;;SPAIN: Laliga - Round 25;https://www.flashscore.com/match/football/Ywt1z6oH/#/match-summary;
17.02.2024 20:30;Celta Vigo;Barcelona;3.75;3.75;3.75;3.75;1.85;1.91;1.62;1.67;2.20;2.10;1.62;1.73;2.25;2.08;0 - 1;1 - 2;45, 47, 90+7;SPAIN: Laliga - Round 25;https://www.flashscore.com/match/football/rkmlw81b/#/match-summary;
17.02.2024 18:15;Osasuna;Cadiz CF;1.70;1.80;3.40;3.25;5.25;5.25;2.20;2.25;1.62;1.57;2.35;2.60;1.57;1.48;0 - 0;2 - 0;63, 90+1;SPAIN: Laliga - Round 25;https://www.flashscore.com/match/football/QDxgxSG4/#/match-summary;
17.02.2024 16:00;Atl. Madrid;Las Palmas;1.33;1.45;5.00;4.33;8.50;6.50;2.00;2.05;1.75;1.70;1.67;2.02;2.15;1.88;2 - 0;5 - 0;15, 20, 47, 62, 87;SPAIN: Laliga - Round 25;https://www.flashscore.com/match/football/jixYzIKU/#/match-summary;
16.02.2024 23:00;Villarreal;Getafe;2.00;2.05;3.50;3.40;3.50;3.60;1.75;1.70;2.00;2.05;1.85;1.93;1.95;1.97;0 - 1;1 - 1;24, 56;SPAIN: Laliga - Round 25;https://www.flashscore.com/match/football/vHtcynWA/#/match-summary;
12.02.2024 23:00;Almeria;Ath Bilbao;4.20;4.50;3.75;3.60;1.80;1.80;1.70;1.95;2.05;1.80;1.75;2.08;2.05;1.73;0 - 0;0 - 0;;SPAIN: Laliga - Round 24;https://www.flashscore.com/match/football/jX9nPKLI/#/match-summary;
11.02.2024 23:00;Barcelona;Granada CF;1.25;1.18;6.50;8.00;9.00;13.00;2.20;1.95;1.62;1.80;1.62;1.40;2.25;2.88;1 - 1;3 - 3;14, 43, 60, 63, 66, 80;SPAIN: Laliga - Round 24;https://www.flashscore.com/match/football/UN8jOvyP/#/match-summary;
11.02.2024 20:30;Sevilla;Atl. Madrid;3.75;3.60;3.40;3.50;2.00;2.05;1.70;1.70;2.05;2.05;1.80;1.84;2.00;2.06;1 - 0;1 - 0;15;SPAIN: Laliga - Round 24;https://www.flashscore.com/match/football/Eos9tMjg/#/match-summary;
11.02.2024 18:15;Mallorca;Rayo Vallecano;2.30;2.50;3.00;2.75;3.40;3.40;2.05;2.50;1.70;1.50;2.40;3.50;1.53;1.30;0 - 0;2 - 1;48, 76, 90+1;SPAIN: Laliga - Round 24;https://www.flashscore.com/match/football/Iw2YnODP/#/match-summary;
11.02.2024 16:00;Getafe;Celta Vigo;2.25;2.10;3.25;3.10;3.20;3.75;1.80;2.25;1.95;1.57;2.05;2.70;1.75;1.44;2 - 0;3 - 2;41, 45+2, 71, 85, 89;SPAIN: Laliga - Round 24;https://www.flashscore.com/match/football/nauHv0L5/#/match-summary;
10.02.2024 23:00;Las Palmas;Valencia;2.88;2.55;3.00;3.00;2.60;3.20;2.05;2.10;1.70;1.67;2.40;2.60;1.53;1.48;0 - 0;2 - 0;89, 90+5;SPAIN: Laliga - Round 24;https://www.flashscore.com/match/football/Knl0rrMt/#/match-summary;
10.02.2024 20:30;Real Madrid;Girona;1.57;1.40;4.00;5.50;5.50;6.00;1.75;1.50;2.00;2.50;1.70;1.30;2.10;3.50;2 - 0;4 - 0;6, 35, 54, 61;SPAIN: Laliga - Round 24;https://www.flashscore.com/match/football/4zzMwKzC/#/match-summary;
10.02.2024 18:15;Real Sociedad;Osasuna;1.73;1.73;3.50;3.30;5.00;5.75;1.95;2.50;1.80;1.50;2.00;2.88;1.80;1.40;0 - 0;0 - 1;49;SPAIN: Laliga - Round 24;https://www.flashscore.com/match/football/rRYPxvjI/#/match-summary;
10.02.2024 16:00;Alaves;Villarreal;2.38;2.20;3.40;3.40;2.88;3.30;1.70;1.80;2.05;1.95;1.90;2.01;1.90;1.89;1 - 1;1 - 1;25, 42;SPAIN: Laliga - Round 24;https://www.flashscore.com/match/football/2Bw5s2ym/#/match-summary;
09.02.2024 23:00;Cadiz CF;Betis;3.25;3.00;3.25;3.00;2.20;2.60;2.05;2.10;1.70;1.67;2.35;2.60;1.57;1.48;0 - 1;0 - 2;6, 46;SPAIN: Laliga - Round 24;https://www.flashscore.com/match/football/88tDut6a/#/match-summary;
05.02.2024 23:00;Rayo Vallecano;Sevilla;2.38;2.10;3.25;3.40;3.00;3.60;1.91;2.00;1.91;1.75;2.10;2.30;1.70;1.60;1 - 2;1 - 2;19, 29, 45;SPAIN: Laliga - Round 23;https://www.flashscore.com/match/football/OrP1niNE/#/match-summary;
04.02.2024 23:00;Real Madrid;Atl. Madrid;1.80;1.67;3.60;4.20;4.33;4.75;1.70;1.57;2.05;2.25;1.75;1.60;2.05;2.30;1 - 0;1 - 1;20, 90+3;SPAIN: Laliga - Round 23;https://www.flashscore.com/match/football/0rHZRMy0/#/match-summary;
04.02.2024 20:30;Betis;Getafe;1.83;2.05;3.40;3.20;4.50;4.20;1.95;2.00;1.80;1.75;2.10;2.30;1.70;1.60;1 - 1;1 - 1;8, 35;SPAIN: Laliga - Round 23;https://www.flashscore.com/match/football/8zsFOmV7/#/match-summary;
04.02.2024 18:15;Osasuna;Celta Vigo;2.30;2.15;3.25;3.10;3.10;3.75;1.80;2.10;1.95;1.67;2.05;2.60;1.75;1.48;0 - 2;0 - 3;24, 25, 90;SPAIN: Laliga - Round 23;https://www.flashscore.com/match/football/88KsQ06C/#/match-summary;
04.02.2024 16:00;Villarreal;Cadiz CF;1.80;1.57;3.60;4.20;4.33;5.50;1.70;1.80;2.05;1.95;1.75;1.80;2.05;2.00;0 - 0;0 - 0;;SPAIN: Laliga - Round 23;https://www.flashscore.com/match/football/f5GwRti6/#/match-summary;
03.02.2024 23:00;Girona;Real Sociedad;2.25;2.00;3.60;3.40;2.90;3.80;1.67;1.80;2.10;1.95;1.75;2.04;2.05;1.86;0 - 0;0 - 0;;SPAIN: Laliga - Round 23;https://www.flashscore.com/match/football/AuLcmX78/#/match-summary;
03.02.2024 20:30;Alaves;Barcelona;6.00;4.00;4.00;3.50;1.53;1.91;1.95;1.75;1.80;2.00;1.90;1.99;1.90;1.91;0 - 1;1 - 3;22, 49, 51, 63;SPAIN: Laliga - Round 23;https://www.flashscore.com/match/football/fVoZTr7m/#/match-summary;
03.02.2024 18:15;Granada CF;Las Palmas;2.38;2.15;3.25;3.30;3.00;3.60;1.80;1.91;1.95;1.91;2.05;2.15;1.75;1.67;1 - 0;1 - 1;43, 68;SPAIN: Laliga - Round 23;https://www.flashscore.com/match/football/GvmVUOis/#/match-summary;
03.02.2024 16:00;Valencia;Almeria;1.67;1.70;3.75;3.75;5.00;5.25;1.75;1.95;2.00;1.80;1.75;2.07;2.05;1.83;2 - 0;2 - 1;14, 23, 50;SPAIN: Laliga - Round 23;https://www.flashscore.com/match/football/MiIVS2Mg/#/match-summary;
02.02.2024 23:00;Ath Bilbao;Mallorca;1.62;1.50;3.75;3.80;5.50;7.00;2.00;2.63;1.75;1.44;2.00;2.40;1.80;1.53;2 - 0;4 - 0;3, 16, 62, 89;SPAIN: Laliga - Round 23;https://www.flashscore.com/match/football/UqrBPTF1/#/match-summary;
01.02.2024 23:00;Getafe;Real Madrid;5.75;6.00;4.00;3.80;1.57;1.60;1.95;2.00;1.80;1.75;1.90;2.05;2.00;1.75;0 - 1;0 - 2;14, 56;SPAIN: Laliga - Round 20;https://www.flashscore.com/match/football/GbB77efG/#/match-summary;
31.01.2024 23:00;Atl. Madrid;Rayo Vallecano;1.33;1.62;5.00;3.75;8.50;5.75;1.95;1.95;1.80;1.80;1.62;2.03;2.25;1.87;1 - 1;2 - 1;35, 42, 90;SPAIN: Laliga - Round 20;https://www.flashscore.com/match/football/C6EjBwei/#/match-summary;
31.01.2024 21:00;Barcelona;Osasuna;1.29;1.33;5.25;5.00;12.00;9.50;2.00;1.80;1.75;1.95;1.57;1.50;2.35;2.50;0 - 0;1 - 0;63;SPAIN: Laliga - Round 20;https://www.flashscore.com/match/football/Q9IfAcAc/#/match-summary;
29.01.2024 23:00;Getafe;Granada CF;1.83;1.83;3.50;3.40;4.33;4.50;2.00;2.10;1.75;1.67;2.20;2.35;1.65;1.57;2 - 0;2 - 0;21, 36;SPAIN: Laliga - Round 22;https://www.flashscore.com/match/football/ED5JZDw9/#/match-summary;
28.01.2024 23:00;Atl. Madrid;Valencia;1.53;1.57;4.33;4.00;5.50;6.00;1.95;2.00;1.80;1.75;1.80;2.02;2.00;1.88;1 - 0;2 - 0;45+5, 57;SPAIN: Laliga - Round 22;https://www.flashscore.com/match/football/8GETCjWe/#/match-summary;
28.01.2024 20:30;Sevilla;Osasuna;2.10;2.10;3.40;3.25;3.40;3.75;1.95;2.05;1.80;1.70;2.20;2.40;1.65;1.53;1 - 0;1 - 1;24, 55;SPAIN: Laliga - Round 22;https://www.flashscore.com/match/football/vekbSVVr/#/match-summary;
28.01.2024 18:15;Cadiz CF;Ath Bilbao;4.00;4.50;3.40;3.30;1.91;1.85;2.00;2.10;1.75;1.67;2.20;2.40;1.65;1.53;0 - 0;0 - 0;;SPAIN: Laliga - Round 22;https://www.flashscore.com/match/football/AuaSXi8L/#/match-summary;
28.01.2024 16:00;Celta Vigo;Girona;2.88;2.75;3.40;3.40;2.38;2.55;1.75;1.57;2.00;2.25;1.95;1.70;1.85;2.10;0 - 1;0 - 1;20;SPAIN: Laliga - Round 22;https://www.flashscore.com/match/football/zN6FzfO2/#/match-summary;
27.01.2024 23:00;Mallorca;Betis;2.63;2.25;3.30;3.10;2.63;3.60;1.95;2.05;1.80;1.70;2.15;2.40;1.67;1.53;0 - 1;0 - 1;45+1;SPAIN: Laliga - Round 22;https://www.flashscore.com/match/football/42bWWBNR/#/match-summary;
27.01.2024 20:30;Barcelona;Villarreal;1.33;1.36;5.50;5.75;7.50;8.00;1.80;1.57;1.95;2.25;1.50;1.33;2.50;3.40;0 - 1;3 - 5;41, 54, 60, 68, 71, 84, 90+9, 90+12;SPAIN: Laliga - Round 22;https://www.flashscore.com/match/football/MJIXBAo2/#/match-summary;
27.01.2024 18:15;Las Palmas;Real Madrid;6.50;6.50;4.50;4.75;1.44;1.44;1.75;1.80;2.00;1.95;1.60;1.60;2.30;2.30;0 - 0;1 - 2;53, 65, 84;SPAIN: Laliga - Round 22;https://www.flashscore.com/match/football/Wl0OYXhF/#/match-summary;
27.01.2024 16:00;Real Sociedad;Rayo Vallecano;1.67;1.80;3.75;3.30;5.00;5.25;1.91;2.50;1.91;1.50;1.90;2.70;1.90;1.44;0 - 0;0 - 0;;SPAIN: Laliga - Round 22;https://www.flashscore.com/match/football/MJv3Rkok/#/match-summary;
26.01.2024 23:00;Almeria;Alaves;2.63;2.80;3.30;3.10;2.63;2.70;1.95;2.00;1.80;1.75;2.15;2.35;1.67;1.57;0 - 1;0 - 3;10, 52, 88;SPAIN: Laliga - Round 22;https://www.flashscore.com/match/football/0Aw7Q90e/#/match-summary;
22.01.2024 23:00;Granada CF;Atl. Madrid;4.50;4.75;3.80;4.00;1.75;1.65;1.75;1.75;2.00;2.00;1.80;1.75;2.00;2.05;0 - 0;0 - 1;54;SPAIN: Laliga - Round 21;https://www.flashscore.com/match/football/f3kpLEOF/#/match-summary;
21.01.2024 23:00;Girona;Sevilla;1.67;1.80;4.00;4.00;4.75;4.00;1.70;1.62;2.05;2.20;1.67;1.65;2.15;2.20;3 - 1;5 - 1;10, 13, 15, 19, 56, 89;SPAIN: Laliga - Round 21;https://www.flashscore.com/match/football/WU3kaX1d/#/match-summary;
21.01.2024 20:30;Betis;Barcelona;3.50;4.00;3.75;4.00;2.00;1.80;1.67;1.53;2.10;2.38;1.73;1.53;2.08;2.40;0 - 1;2 - 4;21, 48, 56, 59, 90, 90+2;SPAIN: Laliga - Round 21;https://www.flashscore.com/match/football/xSvkKYwM/#/match-summary;
21.01.2024 18:15;Real Madrid;Almeria;1.17;1.13;8.50;10.00;12.00;19.00;1.80;2.05;1.95;1.70;1.29;1.29;3.60;3.60;0 - 2;3 - 2;1, 43, 57, 67, 90+9;SPAIN: Laliga - Round 21;https://www.flashscore.com/match/football/nwnxNzf3/#/match-summary;
21.01.2024 16:00;Osasuna;Getafe;2.20;2.40;3.00;2.80;3.60;3.60;2.10;2.25;1.67;1.57;2.60;3.10;1.48;1.36;2 - 0;3 - 2;9, 31, 64, 68, 80;SPAIN: Laliga - Round 21;https://www.flashscore.com/match/football/GIwgJhgS/#/match-summary;
20.01.2024 23:00;Celta Vigo;Real Sociedad;2.75;2.50;3.00;2.80;2.70;3.30;1.95;2.20;1.80;1.62;2.35;2.88;1.57;1.40;0 - 1;0 - 1;11;SPAIN: Laliga - Round 21;https://www.flashscore.com/match/football/hv5o0Dnj/#/match-summary;
20.01.2024 20:30;Valencia;Ath Bilbao;3.60;3.40;3.50;3.25;2.00;2.25;1.91;2.00;1.91;1.75;2.05;2.35;1.75;1.57;0 - 0;1 - 0;61;SPAIN: Laliga - Round 21;https://www.flashscore.com/match/football/t0otMf99/#/match-summary;
20.01.2024 18:15;Villarreal;Mallorca;2.15;2.05;3.50;3.50;3.30;3.60;1.80;1.95;1.95;1.80;2.08;2.10;1.82;1.70;1 - 0;1 - 1;45+1, 90+1;SPAIN: Laliga - Round 21;https://www.flashscore.com/match/football/n1QKEC1q/#/match-summary;
20.01.2024 16:00;Rayo Vallecano;Las Palmas;1.85;1.70;3.30;3.50;4.50;5.50;2.05;2.00;1.70;1.75;2.35;2.10;1.57;1.70;0 - 1;0 - 2;35, 83;SPAIN: Laliga - Round 21;https://www.flashscore.com/match/football/QiPODWGk/#/match-summary;
19.01.2024 23:00;Alaves;Cadiz CF;1.75;1.62;3.40;3.75;5.25;6.50;2.20;2.50;1.62;1.50;2.40;2.50;1.53;1.50;0 - 0;1 - 0;51;SPAIN: Laliga - Round 21;https://www.flashscore.com/match/football/8nmYNGvc/#/match-summary;
14.01.2024 18:15;Cadiz CF;Valencia;2.90;3.00;3.00;2.88;2.60;2.63;2.05;2.20;1.70;1.62;2.50;2.88;1.50;1.40;1 - 1;1 - 4;8, 21, 52, 90+4, 90+8;SPAIN: Laliga - Round 20;https://www.flashscore.com/match/football/nP638yuA/#/match-summary;
14.01.2024 16:00;Almeria;Girona;4.00;3.60;3.75;3.75;1.83;1.95;1.50;1.57;2.50;2.25;1.50;1.60;2.50;2.30;0 - 0;0 - 0;;SPAIN: Laliga - Round 20;https://www.flashscore.com/match/football/KCR4mz3p/#/match-summary;
13.01.2024 23:00;Betis;Granada CF;1.57;1.70;4.33;3.75;5.00;5.00;1.80;1.91;1.95;1.91;1.73;1.99;2.08;1.91;0 - 0;1 - 0;76;SPAIN: Laliga - Round 20;https://www.flashscore.com/match/football/8Y7a9HP3/#/match-summary;
13.01.2024 20:30;Ath Bilbao;Real Sociedad;2.20;2.10;3.30;3.10;3.30;4.00;1.91;2.10;1.91;1.67;2.10;2.60;1.70;1.48;2 - 0;2 - 1;30, 42, 88;SPAIN: Laliga - Round 20;https://www.flashscore.com/match/football/b3Q8nfIj/#/match-summary;
13.01.2024 18:15;Mallorca;Celta Vigo;2.50;2.30;3.10;3.00;2.90;3.50;2.05;2.25;1.70;1.57;2.40;2.70;1.53;1.44;1 - 1;1 - 1;10, 43;SPAIN: Laliga - Round 20;https://www.flashscore.com/match/football/xEaG5ZOS/#/match-summary;
13.01.2024 16:00;Las Palmas;Villarreal;2.50;2.60;3.20;3.40;2.88;2.63;1.75;1.62;2.00;2.20;1.95;1.80;1.85;2.00;1 - 0;3 - 0;8, 51, 63;SPAIN: Laliga - Round 20;https://www.flashscore.com/match/football/fkAB6F9M/#/match-summary;
12.01.2024 23:00;Sevilla;Alaves;1.73;2.00;3.60;3.30;4.80;3.80;1.95;2.05;1.80;1.70;2.00;2.40;1.80;1.53;0 - 2;2 - 3;26, 40, 70, 82, 90;SPAIN: Laliga - Round 20;https://www.flashscore.com/match/football/bH5s1gXq/#/match-summary;
04.01.2024 23:30;Las Palmas;Barcelona;5.50;6.00;4.00;4.75;1.57;1.50;1.80;1.70;1.95;2.05;1.75;1.57;2.05;2.35;1 - 0;1 - 2;12, 55, 90+3;SPAIN: Laliga - Round 19;https://www.flashscore.com/match/football/n3VSebe4/#/match-summary;
04.01.2024 21:15;Sevilla;Ath Bilbao;3.10;2.90;3.40;3.30;2.25;2.45;1.75;1.80;2.00;1.95;1.95;2.05;1.85;1.75;0 - 1;0 - 2;30, 76;SPAIN: Laliga - Round 19;https://www.flashscore.com/match/football/vwSKcKQi/#/match-summary;
04.01.2024 19:00;Osasuna;Almeria;1.67;1.70;4.00;3.80;4.75;5.00;1.80;1.91;1.95;1.91;1.80;1.99;2.00;1.91;1 - 0;1 - 0;27;SPAIN: Laliga - Round 19;https://www.flashscore.com/match/football/0nTGb0Bo/#/match-summary;
03.01.2024 23:30;Girona;Atl. Madrid;2.60;2.55;3.40;3.75;2.60;2.50;1.62;1.50;2.20;2.50;1.75;1.60;2.05;2.30;3 - 2;4 - 3;2, 14, 26, 39, 44, 54, 90+1;SPAIN: Laliga - Round 19;https://www.flashscore.com/match/football/8CWOdvtb/#/match-summary;
03.01.2024 21:15;Celta Vigo;Betis;2.25;2.15;3.20;3.20;3.25;3.50;1.80;1.80;1.95;1.95;2.00;2.05;1.80;1.75;1 - 1;2 - 1;6, 16, 90+6;SPAIN: Laliga - Round 19;https://www.flashscore.com/match/football/URKXfIAA/#/match-summary;
03.01.2024 21:15;Real Madrid;Mallorca;1.22;1.20;6.50;6.50;11.00;15.00;2.25;2.20;1.57;1.62;1.62;1.57;2.25;2.35;0 - 0;1 - 0;78;SPAIN: Laliga - Round 19;https://www.flashscore.com/match/football/xhOugduN/#/match-summary;
03.01.2024 19:00;Granada CF;Cadiz CF;2.15;2.20;3.30;3.10;3.40;3.75;1.91;2.05;1.91;1.70;2.10;2.40;1.70;1.53;1 - 0;2 - 0;22, 70;SPAIN: Laliga - Round 19;https://www.flashscore.com/match/football/rVOyfxQG/#/match-summary;
02.01.2024 23:30;Valencia;Villarreal;2.25;2.20;3.40;3.40;3.10;3.30;1.70;1.80;2.05;1.95;1.85;2.07;1.95;1.83;2 - 0;3 - 1;4, 27, 57, 73;SPAIN: Laliga - Round 19;https://www.flashscore.com/match/football/bskYZGYp/#/match-summary;
02.01.2024 21:15;Real Sociedad;Alaves;1.57;1.50;4.00;4.00;5.75;7.50;2.10;2.50;1.67;1.50;2.10;2.30;1.70;1.60;0 - 0;1 - 1;76, 90+6;SPAIN: Laliga - Round 19;https://www.flashscore.com/match/football/GrNqhGfT/#/match-summary;
02.01.2024 19:00;Getafe;Rayo Vallecano;2.25;2.30;3.10;3.00;3.40;3.50;2.05;2.20;1.70;1.62;2.40;2.70;1.53;1.44;0 - 1;0 - 2;45+1, 47;SPAIN: Laliga - Round 19;https://www.flashscore.com/match/football/lYM4iq4I/#/match-summary;
23.12.2023 18:15;Atl. Madrid;Sevilla;1.57;1.57;4.00;4.20;5.50;5.75;1.80;1.91;1.95;1.91;1.73;1.75;2.10;2.05;0 - 0;1 - 0;46;SPAIN: Laliga - Round 4;https://www.flashscore.com/match/football/IeuL2xY7/#/match-summary;
21.12.2023 23:30;Alaves;Real Madrid;4.75;5.25;3.75;4.00;1.67;1.60;1.75;1.91;2.00;1.91;1.73;1.89;2.08;2.01;0 - 0;0 - 1;90+2;SPAIN: Laliga - Round 18;https://www.flashscore.com/match/football/bqUifoKa/#/match-summary;
21.12.2023 23:30;Mallorca;Osasuna;2.20;2.20;3.00;2.90;3.40;4.00;2.10;2.38;1.67;1.53;2.50;3.10;1.50;1.36;1 - 1;3 - 2;7, 12, 53, 62, 90+1;SPAIN: Laliga - Round 18;https://www.flashscore.com/match/football/CSRucmzs/#/match-summary;
21.12.2023 21:00;Betis;Girona;2.40;2.55;3.50;3.60;2.75;2.60;1.62;1.57;2.20;2.25;1.75;1.75;2.05;2.05;0 - 1;1 - 1;39, 88;SPAIN: Laliga - Round 18;https://www.flashscore.com/match/football/Sfj929CJ/#/match-summary;
21.12.2023 21:00;Cadiz CF;Real Sociedad;4.33;6.00;3.20;3.50;1.85;1.65;1.95;2.25;1.80;1.57;2.15;2.40;1.67;1.53;0 - 0;0 - 0;;SPAIN: Laliga - Round 18;https://www.flashscore.com/match/football/6okD1TRP/#/match-summary;
20.12.2023 23:30;Ath Bilbao;Las Palmas;1.40;1.36;4.50;5.25;7.00;7.50;2.00;2.05;1.75;1.70;1.75;1.67;2.05;2.15;0 - 0;1 - 0;90+4;SPAIN: Laliga - Round 18;https://www.flashscore.com/match/football/zmlOv6KC/#/match-summary;
20.12.2023 23:30;Villarreal;Celta Vigo;2.15;2.30;3.75;3.50;2.90;3.00;1.62;1.75;2.20;2.00;1.70;2.07;2.10;1.83;2 - 0;3 - 2;13, 40, 48, 52, 57;SPAIN: Laliga - Round 18;https://www.flashscore.com/match/football/fBN0hPlC/#/match-summary;
20.12.2023 21:00;Barcelona;Almeria;1.14;1.17;8.50;8.00;12.00;15.00;1.91;1.80;1.91;1.95;1.29;1.29;3.60;3.60;1 - 1;3 - 2;33, 41, 60, 71, 83;SPAIN: Laliga - Round 18;https://www.flashscore.com/match/football/GKOdg5Z5/#/match-summary;
19.12.2023 23:30;Atl. Madrid;Getafe;1.33;1.50;4.75;4.50;8.00;7.00;2.25;1.95;1.57;1.80;1.93;1.80;1.97;2.00;1 - 0;3 - 3;44, 53, 63, 69, 87, 90+3;SPAIN: Laliga - Round 18;https://www.flashscore.com/match/football/EwmSwQZI/#/match-summary;
19.12.2023 23:30;Granada CF;Sevilla;2.88;3.00;3.40;3.20;2.25;2.45;1.67;1.95;2.10;1.80;1.85;2.25;2.05;1.62;0 - 2;0 - 3;23, 32, 49;SPAIN: Laliga - Round 18;https://www.flashscore.com/match/football/KhVmeR4g/#/match-summary;
19.12.2023 21:00;Rayo Vallecano;Valencia;2.20;2.25;3.40;3.20;3.10;3.40;1.91;1.95;1.91;1.80;2.10;2.25;1.70;1.62;0 - 0;0 - 1;61;SPAIN: Laliga - Round 18;https://www.flashscore.com/match/football/QVVqd7km/#/match-summary;
18.12.2023 23:00;Girona;Alaves;1.57;1.60;3.60;4.00;6.50;5.25;1.91;1.80;1.91;1.95;1.80;1.84;2.00;2.06;2 - 0;3 - 0;23, 42, 59;SPAIN: Laliga - Round 17;https://www.flashscore.com/match/football/hObJun56/#/match-summary;
17.12.2023 23:00;Real Madrid;Villarreal;1.30;1.25;5.50;6.50;8.50;10.00;1.62;1.75;2.20;2.00;1.36;1.33;3.10;3.40;2 - 0;4 - 1;25, 37, 54, 64, 68;SPAIN: Laliga - Round 17;https://www.flashscore.com/match/football/nNFzlAcQ/#/match-summary;
17.12.2023 20:30;Las Palmas;Cadiz CF;1.83;1.95;3.40;3.25;4.20;4.20;2.05;2.10;1.70;1.67;2.25;2.40;1.62;1.53;1 - 0;1 - 1;7, 83;SPAIN: Laliga - Round 17;https://www.flashscore.com/match/football/pbeBs8zf/#/match-summary;
17.12.2023 18:15;Real Sociedad;Betis;1.70;1.57;3.75;4.20;4.50;5.50;1.95;2.00;1.80;1.75;2.05;2.01;1.85;1.89;0 - 0;0 - 0;;SPAIN: Laliga - Round 17;https://www.flashscore.com/match/football/67d7rlLm/#/match-summary;
17.12.2023 16:00;Almeria;Mallorca;2.80;2.38;3.25;3.20;2.45;3.30;1.80;2.00;1.95;1.75;2.07;2.40;1.83;1.53;0 - 0;0 - 0;;SPAIN: Laliga - Round 17;https://www.flashscore.com/match/football/0UZuSSz7/#/match-summary;
16.12.2023 23:00;Valencia;Barcelona;4.00;5.75;3.75;4.50;1.80;1.50;1.70;1.67;2.05;2.10;1.75;1.57;2.05;2.35;0 - 0;1 - 1;55, 70;SPAIN: Laliga - Round 17;https://www.flashscore.com/match/football/lW12qU5s/#/match-summary;
16.12.2023 20:30;Sevilla;Getafe;1.65;1.75;3.60;3.50;5.00;4.75;2.05;2.20;1.70;1.62;2.10;2.40;1.70;1.53;0 - 2;0 - 3;5, 37, 80;SPAIN: Laliga - Round 17;https://www.flashscore.com/match/football/vLfFtSk0/#/match-summary;
16.12.2023 18:15;Ath Bilbao;Atl. Madrid;2.55;2.55;3.00;3.30;2.80;2.80;1.67;1.70;2.10;2.05;1.96;1.95;1.94;1.95;0 - 0;2 - 0;51, 64;SPAIN: Laliga - Round 17;https://www.flashscore.com/match/football/vLYqRnjD/#/match-summary;
16.12.2023 16:00;Celta Vigo;Granada CF;1.55;1.67;4.00;4.00;5.25;5.00;1.75;1.95;2.00;1.80;1.70;1.99;2.10;1.91;1 - 0;1 - 0;20;SPAIN: Laliga - Round 17;https://www.flashscore.com/match/football/tQCSkWSD/#/match-summary;
15.12.2023 23:00;Osasuna;Rayo Vallecano;2.00;2.20;3.25;3.20;3.80;3.40;2.00;2.00;1.75;1.75;2.25;2.35;1.62;1.57;0 - 0;1 - 0;90+5;SPAIN: Laliga - Round 17;https://www.flashscore.com/match/football/h0GWljrK/#/match-summary;
11.12.2023 23:00;Granada CF;Ath Bilbao;4.50;4.00;3.60;3.60;1.75;1.91;1.67;1.70;2.10;2.05;1.70;1.89;2.10;2.01;0 - 1;1 - 1;6, 55;SPAIN: Laliga - Round 16;https://www.flashscore.com/match/football/AusTUUjl/#/match-summary;
11.12.2023 23:00;Rayo Vallecano;Celta Vigo;2.30;2.70;3.20;3.10;3.25;2.80;1.75;1.80;2.00;1.95;2.06;2.15;1.84;1.67;0 - 0;0 - 0;;SPAIN: Laliga - Round 16;https://www.flashscore.com/match/football/h4WXTl6f/#/match-summary;
10.12.2023 23:00;Barcelona;Girona;1.57;1.45;4.20;5.25;5.25;5.50;1.62;1.50;2.20;2.50;1.53;1.33;2.40;3.40;1 - 2;2 - 4;12, 19, 40, 80, 90+2, 90+5;SPAIN: Laliga - Round 16;https://www.flashscore.com/match/football/Ecq6Fki1/#/match-summary;
10.12.2023 20:30;Cadiz CF;Osasuna;2.70;2.75;3.10;3.10;2.60;2.70;2.00;2.05;1.75;1.70;2.35;2.50;1.57;1.50;1 - 0;1 - 1;19, 70;SPAIN: Laliga - Round 16;https://www.flashscore.com/match/football/t4yhwgq8/#/match-summary;
10.12.2023 16:00;Atl. Madrid;Almeria;1.25;1.20;6.00;7.00;10.00;12.00;1.75;1.80;2.00;1.95;1.36;1.36;3.10;3.10;2 - 0;2 - 1;17, 22, 62;SPAIN: Laliga - Round 16;https://www.flashscore.com/match/football/dxwPVAyr/#/match-summary;
09.12.2023 23:00;Mallorca;Sevilla;2.45;2.55;3.00;3.00;3.10;3.00;2.00;2.10;1.75;1.67;2.35;2.50;1.57;1.50;1 - 0;1 - 0;11;SPAIN: Laliga - Round 16;https://www.flashscore.com/match/football/06igyXDK/#/match-summary;
09.12.2023 20:30;Villarreal;Real Sociedad;3.10;3.30;3.30;3.50;2.30;2.15;1.75;1.80;2.00;1.95;2.00;2.05;1.90;1.85;0 - 3;0 - 3;38, 41, 45+4;SPAIN: Laliga - Round 16;https://www.flashscore.com/match/football/WfVyT8L0/#/match-summary;
09.12.2023 18:15;Betis;Real Madrid;4.50;4.50;3.50;4.00;1.80;1.70;1.70;1.67;2.05;2.10;1.75;1.65;2.05;2.20;0 - 0;1 - 1;53, 66;SPAIN: Laliga - Round 16;https://www.flashscore.com/match/football/S0mAE967/#/match-summary;
09.12.2023 16:00;Alaves;Las Palmas;1.91;2.00;3.20;3.10;4.50;4.33;2.10;2.20;1.67;1.62;2.40;2.50;1.53;1.50;0 - 1;0 - 1;31;SPAIN: Laliga - Round 16;https://www.flashscore.com/match/football/vcjcziTQ/#/match-summary;
08.12.2023 23:00;Getafe;Valencia;2.50;2.60;3.00;2.90;3.00;3.10;2.20;2.25;1.62;1.57;2.70;2.88;1.44;1.40;0 - 0;1 - 0;87;SPAIN: Laliga - Round 16;https://www.flashscore.com/match/football/KfzdxDbE/#/match-summary;
04.12.2023 23:00;Celta Vigo;Cadiz CF;1.95;1.53;3.60;4.00;3.60;6.50;1.91;2.00;1.91;1.75;2.00;1.93;1.80;1.97;0 - 1;1 - 1;16, 57;SPAIN: Laliga - Round 15;https://www.flashscore.com/match/football/Ma4RMXbR/#/match-summary;
03.12.2023 23:00;Barcelona;Atl. Madrid;2.00;1.91;3.60;4.00;3.50;3.75;1.62;1.62;2.20;2.20;1.70;1.65;2.10;2.20;1 - 0;1 - 0;28;SPAIN: Laliga - Round 15;https://www.flashscore.com/match/football/vyFMNDqL/#/match-summary;
03.12.2023 20:30;Sevilla;Villarreal;2.10;1.91;3.50;3.75;3.30;3.75;1.70;1.62;2.05;2.20;1.85;1.65;1.95;2.20;0 - 0;1 - 1;75, 77;SPAIN: Laliga - Round 15;https://www.flashscore.com/match/football/tjdJOgUE/#/match-summary;
03.12.2023 18:15;Almeria;Betis;3.10;3.60;3.40;3.75;2.25;1.95;1.75;1.62;2.00;2.20;1.90;1.67;1.90;2.15;0 - 0;0 - 0;;SPAIN: Laliga - Round 15;https://www.flashscore.com/match/football/j1TQI3td/#/match-summary;
03.12.2023 16:00;Mallorca;Alaves;2.10;2.60;3.20;2.90;3.60;3.10;2.10;2.25;1.67;1.57;2.40;2.88;1.53;1.40;0 - 0;0 - 0;;SPAIN: Laliga - Round 15;https://www.flashscore.com/match/football/WYg1GVye/#/match-summary;
02.12.2023 23:00;Osasuna;Real Sociedad;3.00;3.80;3.20;3.10;2.40;2.15;2.20;2.10;1.62;1.67;2.60;2.50;1.48;1.50;1 - 1;1 - 1;2, 41;SPAIN: Laliga - Round 15;https://www.flashscore.com/match/football/nTdFPZE8/#/match-summary;
02.12.2023 20:30;Real Madrid;Granada CF;1.17;1.17;7.00;7.50;15.00;13.00;2.05;1.95;1.70;1.80;1.40;1.33;2.88;3.40;1 - 0;2 - 0;26, 57;SPAIN: Laliga - Round 15;https://www.flashscore.com/match/football/hrecHBMl/#/match-summary;
02.12.2023 18:15;Ath Bilbao;Rayo Vallecano;1.73;1.44;3.75;4.75;4.50;7.00;1.80;1.80;1.95;1.95;1.80;1.65;2.00;2.20;1 - 0;4 - 0;23, 47, 64, 68;SPAIN: Laliga - Round 15;https://www.flashscore.com/match/football/UiSUHNe2/#/match-summary;
02.12.2023 16:00;Girona;Valencia;2.00;1.62;3.50;4.00;3.60;5.25;1.75;1.91;2.00;1.91;1.90;1.92;1.90;1.98;0 - 0;2 - 1;56, 82, 88;SPAIN: Laliga - Round 15;https://www.flashscore.com/match/football/8xbBQFa2/#/match-summary;
01.12.2023 23:00;Las Palmas;Getafe;2.50;2.38;3.10;2.88;2.90;3.40;2.10;2.38;1.67;1.53;2.60;2.88;1.48;1.40;1 - 0;2 - 0;43, 90+2;SPAIN: Laliga - Round 15;https://www.flashscore.com/match/football/O8jgIi7r/#/match-summary;
29.11.2023 23:00;Mallorca;Cadiz CF;1.75;1.83;3.30;3.30;5.50;4.75;2.20;2.20;1.62;1.62;2.40;2.50;1.53;1.50;1 - 1;1 - 1;12, 45+1;SPAIN: Laliga - Round 13;https://www.flashscore.com/match/football/t4abRzTb/#/match-summary;
27.11.2023 23:00;Girona;Ath Bilbao;2.40;2.20;3.40;3.60;2.80;3.10;1.67;1.57;2.10;2.25;1.87;1.67;2.03;2.15;0 - 0;1 - 1;55, 67;SPAIN: Laliga - Round 14;https://www.flashscore.com/match/football/OnDpwYRA/#/match-summary;
26.11.2023 23:00;Betis;Las Palmas;1.73;1.67;3.60;3.75;4.75;5.75;1.95;2.10;1.80;1.67;2.05;2.10;1.75;1.70;1 - 0;1 - 0;19;SPAIN: Laliga - Round 14;https://www.flashscore.com/match/football/S0XoIWko/#/match-summary;
26.11.2023 20:30;Cadiz CF;Real Madrid;6.50;6.50;4.50;4.75;1.45;1.45;1.91;1.95;1.91;1.80;1.67;1.75;2.15;2.05;0 - 1;0 - 3;14, 64, 74;SPAIN: Laliga - Round 14;https://www.flashscore.com/match/football/t4LTtGSo/#/match-summary;
26.11.2023 18:15;Real Sociedad;Sevilla;1.83;1.57;3.50;3.80;4.50;5.75;2.00;2.05;1.75;1.70;2.10;2.05;1.70;1.75;2 - 0;2 - 1;3, 22, 60;SPAIN: Laliga - Round 14;https://www.flashscore.com/match/football/f7PXuzrh/#/match-summary;
26.11.2023 16:00;Villarreal;Osasuna;2.00;2.15;3.60;3.50;3.50;3.30;1.70;1.75;2.05;2.00;1.88;2.02;2.02;1.88;0 - 0;3 - 1;57, 71, 78, 80;SPAIN: Laliga - Round 14;https://www.flashscore.com/match/football/dvUMJqRk/#/match-summary;
25.11.2023 23:00;Atl. Madrid;Mallorca;1.44;1.36;4.33;5.00;7.00;8.00;2.20;2.20;1.62;1.62;2.04;1.91;1.86;1.99;0 - 0;1 - 0;64;SPAIN: Laliga - Round 14;https://www.flashscore.com/match/football/QioKMCsU/#/match-summary;
25.11.2023 20:30;Getafe;Almeria;1.70;1.73;3.60;3.60;5.00;5.00;1.95;1.95;1.80;1.80;2.08;2.08;1.73;1.73;2 - 1;2 - 1;7, 33, 45;SPAIN: Laliga - Round 14;https://www.flashscore.com/match/football/GMDtvEC4/#/match-summary;
25.11.2023 18:15;Valencia;Celta Vigo;1.95;2.25;3.30;3.25;4.00;3.40;1.95;1.80;1.80;1.95;2.10;2.10;1.70;1.70;0 - 0;0 - 0;;SPAIN: Laliga - Round 14;https://www.flashscore.com/match/football/ryQIKPBq/#/match-summary;
25.11.2023 16:00;Rayo Vallecano;Barcelona;4.75;5.00;4.00;4.00;1.65;1.67;1.75;1.67;2.00;2.10;1.70;1.65;2.10;2.20;1 - 0;1 - 1;39, 82;SPAIN: Laliga - Round 14;https://www.flashscore.com/match/football/2wClxhsH/#/match-summary;
24.11.2023 23:00;Alaves;Granada CF;1.83;1.70;3.50;3.60;4.33;5.25;1.95;2.05;1.80;1.70;2.05;2.25;1.75;1.62;2 - 0;3 - 1;11, 38, 55, 86;SPAIN: Laliga - Round 14;https://www.flashscore.com/match/football/xWExufcb/#/match-summary;
12.11.2023 23:00;Atl. Madrid;Villarreal;1.55;1.33;4.33;5.75;5.50;8.00;1.70;1.70;2.05;2.05;1.62;1.44;2.25;2.70;1 - 1;3 - 1;20, 45+1, 80, 85;SPAIN: Laliga - Round 13;https://www.flashscore.com/match/football/fmcnUxqt/#/match-summary;
12.11.2023 20:30;Sevilla;Betis;1.91;2.15;3.50;3.50;4.00;3.30;1.91;1.70;1.91;2.05;2.00;1.93;1.80;1.97;0 - 0;1 - 1;72, 79;SPAIN: Laliga - Round 13;https://www.flashscore.com/match/football/2D0fSGDh/#/match-summary;
12.11.2023 18:15;Barcelona;Alaves;1.20;1.25;7.00;6.50;13.00;9.50;2.05;2.10;1.70;1.67;1.48;1.57;2.60;2.35;0 - 1;2 - 1;1, 53, 78;SPAIN: Laliga - Round 13;https://www.flashscore.com/match/football/8GjFNhSN/#/match-summary;
11.11.2023 23:00;Real Madrid;Valencia;1.36;1.33;5.00;5.75;8.00;7.50;1.95;1.95;1.80;1.80;1.62;1.57;2.25;2.35;2 - 0;5 - 1;3, 42, 49, 50, 84, 88;SPAIN: Laliga - Round 13;https://www.flashscore.com/match/football/YwdjTdbn/#/match-summary;
11.11.2023 20:30;Granada CF;Getafe;2.50;2.45;3.10;3.10;3.00;3.10;2.00;1.95;1.75;1.80;2.35;2.25;1.57;1.62;1 - 1;1 - 1;2, 45+4;SPAIN: Laliga - Round 13;https://www.flashscore.com/match/football/OSl3Qfr5/#/match-summary;
11.11.2023 20:30;Osasuna;Las Palmas;1.75;1.91;3.60;3.20;4.75;4.50;2.05;2.05;1.70;1.70;2.20;2.35;1.65;1.57;0 - 0;1 - 1;70, 73;SPAIN: Laliga - Round 13;https://www.flashscore.com/match/football/UPiBOYCH/#/match-summary;
11.11.2023 18:15;Almeria;Real Sociedad;4.20;4.20;3.60;3.60;1.85;1.80;1.80;1.80;1.95;1.95;1.90;1.85;1.90;2.05;0 - 0;1 - 3;62, 76, 90+1, 90+5;SPAIN: Laliga - Round 13;https://www.flashscore.com/match/football/GMRyAZcO/#/match-summary;
11.11.2023 16:00;Rayo Vallecano;Girona;2.63;2.88;3.40;3.40;2.63;2.45;1.70;1.70;2.05;2.05;1.90;1.94;1.90;1.96;1 - 1;1 - 2;5, 42, 65;SPAIN: Laliga - Round 13;https://www.flashscore.com/match/football/z3h7PEcB/#/match-summary;
10.11.2023 23:00;Ath Bilbao;Celta Vigo;1.57;1.67;4.00;3.80;6.00;4.75;1.95;1.70;1.80;2.05;1.90;1.70;1.90;2.10;2 - 2;4 - 3;25, 37, 41, 45+5, 52, 66, 90+8;SPAIN: Laliga - Round 13;https://www.flashscore.com/match/football/UPVu9gDU/#/match-summary;
06.11.2023 23:00;Getafe;Cadiz CF;1.91;2.00;3.20;3.00;4.50;4.33;2.25;2.25;1.57;1.57;2.70;2.70;1.44;1.44;0 - 0;1 - 0;76;SPAIN: Laliga - Round 12;https://www.flashscore.com/match/football/xdbTDHba/#/match-summary;
05.11.2023 23:00;Real Madrid;Rayo Vallecano;1.29;1.22;5.50;6.50;10.00;12.00;1.95;2.05;1.80;1.70;1.53;1.48;2.40;2.60;0 - 0;0 - 0;;SPAIN: Laliga - Round 12;https://www.flashscore.com/match/football/r9TTBeTB/#/match-summary;
05.11.2023 20:30;Villarreal;Ath Bilbao;2.80;3.75;3.50;3.80;2.45;1.91;1.70;1.57;2.05;2.25;1.91;1.60;1.99;2.30;0 - 3;2 - 3;2, 22, 30, 86, 87;SPAIN: Laliga - Round 12;https://www.flashscore.com/match/football/n75GGJEt/#/match-summary;
05.11.2023 18:15;Valencia;Granada CF;1.62;1.60;4.00;4.20;5.00;5.25;1.91;1.80;1.91;1.95;1.91;1.82;1.99;2.08;1 - 0;1 - 0;45+7;SPAIN: Laliga - Round 12;https://www.flashscore.com/match/football/MaSXAFrI/#/match-summary;
05.11.2023 16:00;Alaves;Almeria;1.83;1.70;3.50;3.75;4.33;5.00;1.95;1.95;1.80;1.80;2.05;2.03;1.75;1.87;0 - 0;1 - 0;79;SPAIN: Laliga - Round 12;https://www.flashscore.com/match/football/pbJlLa6P/#/match-summary;
04.11.2023 23:00;Real Sociedad;Barcelona;3.10;3.25;3.40;3.40;2.30;2.20;1.75;1.80;2.00;1.95;2.03;2.08;1.87;1.73;0 - 0;0 - 1;90+2;SPAIN: Laliga - Round 12;https://www.flashscore.com/match/football/rZbPEcqg/#/match-summary;
04.11.2023 20:30;Celta Vigo;Sevilla;2.25;2.38;3.40;3.40;3.10;3.10;1.75;1.75;2.00;2.00;2.03;2.02;1.87;1.88;1 - 0;1 - 1;22, 84;SPAIN: Laliga - Round 12;https://www.flashscore.com/match/football/drQ6dGTO/#/match-summary;
04.11.2023 18:15;Betis;Mallorca;1.91;1.91;3.30;3.30;4.20;4.50;2.05;2.05;1.70;1.70;2.30;2.30;1.60;1.60;1 - 0;2 - 0;7, 65;SPAIN: Laliga - Round 12;https://www.flashscore.com/match/football/IiR2cdEI/#/match-summary;
04.11.2023 16:00;Osasuna;Girona;2.63;2.90;3.40;3.30;2.60;2.45;1.75;1.80;2.00;1.95;2.02;2.05;1.88;1.75;1 - 1;2 - 4;16, 25, 55, 71, 80, 90;SPAIN: Laliga - Round 12;https://www.flashscore.com/match/football/GncXCyE5/#/match-summary;
03.11.2023 23:00;Las Palmas;Atl. Madrid;4.50;5.25;3.50;3.60;1.80;1.70;1.95;2.05;1.80;1.70;2.05;2.10;1.75;1.70;0 - 0;2 - 1;51, 75, 83;SPAIN: Laliga - Round 12;https://www.flashscore.com/match/football/UVfLFwUn/#/match-summary;
30.10.2023 23:00;Granada CF;Villarreal;3.40;3.00;3.40;3.50;2.10;2.30;1.70;1.57;2.05;2.25;1.85;1.62;1.95;2.25;2 - 3;2 - 3;18, 23, 28, 29, 34;SPAIN: Laliga - Round 11;https://www.flashscore.com/match/football/juzn1vFg/#/match-summary;
29.10.2023 23:00;Atl. Madrid;Alaves;1.33;1.44;4.75;4.50;9.50;7.50;2.25;2.10;1.57;1.67;1.85;2.01;1.95;1.89;2 - 0;2 - 1;26, 45+1, 90+6;SPAIN: Laliga - Round 11;https://www.flashscore.com/match/football/zTybbxaC/#/match-summary;
29.10.2023 20:30;Ath Bilbao;Valencia;1.75;1.62;3.50;4.00;4.75;5.75;2.10;2.05;1.67;1.70;2.25;2.05;1.62;1.75;1 - 0;2 - 2;32, 62, 68, 90+7;SPAIN: Laliga - Round 11;https://www.flashscore.com/match/football/MPBOqwpJ/#/match-summary;
29.10.2023 18:15;Rayo Vallecano;Real Sociedad;3.00;3.30;3.20;3.10;2.38;2.30;2.00;2.00;1.75;1.75;2.30;2.40;1.60;1.53;1 - 1;2 - 2;31, 41, 66, 90+1;SPAIN: Laliga - Round 11;https://www.flashscore.com/match/football/Y3us2Kam/#/match-summary;
29.10.2023 16:00;Betis;Osasuna;1.85;1.95;3.50;3.30;4.20;4.20;2.00;1.95;1.75;1.80;2.15;2.10;1.67;1.70;1 - 0;2 - 1;45+1, 85, 90+4;SPAIN: Laliga - Round 11;https://www.flashscore.com/match/football/xYgB7txQ/#/match-summary;
28.10.2023 22:00;Cadiz CF;Sevilla;2.88;3.80;3.00;3.25;2.60;2.05;1.95;1.95;1.80;1.80;2.25;2.15;1.62;1.67;2 - 1;2 - 2;8, 28, 37, 60;SPAIN: Laliga - Round 11;https://www.flashscore.com/match/football/fDtw30ps/#/match-summary;
28.10.2023 19:30;Mallorca;Getafe;2.20;2.25;3.00;3.00;3.60;3.60;2.20;2.25;1.62;1.57;2.60;3.10;1.48;1.36;0 - 0;0 - 0;;SPAIN: Laliga - Round 11;https://www.flashscore.com/match/football/OhYgaIq6/#/match-summary;
28.10.2023 17:15;Barcelona;Real Madrid;2.38;2.50;3.50;3.40;2.80;2.70;1.57;1.57;2.25;2.25;1.65;1.70;2.20;2.10;1 - 0;1 - 2;6, 68, 90+2;SPAIN: Laliga - Round 11;https://www.flashscore.com/match/football/OUk78MMJ/#/match-summary;
28.10.2023 15:00;Almeria;Las Palmas;2.15;2.25;3.40;3.40;3.25;3.20;1.75;1.80;2.00;1.95;1.95;2.15;1.85;1.67;0 - 1;1 - 2;23, 73, 90+4;SPAIN: Laliga - Round 11;https://www.flashscore.com/match/football/rZCKpJUC/#/match-summary;
27.10.2023 22:00;Girona;Celta Vigo;1.85;1.70;3.40;4.00;4.33;4.50;1.80;1.67;1.95;2.10;1.90;1.65;1.90;2.20;0 - 0;1 - 0;90+1;SPAIN: Laliga - Round 11;https://www.flashscore.com/match/football/UVYk0bUa/#/match-summary;
23.10.2023 22:00;Valencia;Cadiz CF;1.83;1.67;3.50;3.60;4.33;5.50;2.00;2.20;1.75;1.62;2.20;2.25;1.65;1.62;2 - 0;2 - 0;4, 25;SPAIN: Laliga - Round 10;https://www.flashscore.com/match/football/6TLaksGs/#/match-summary;
22.10.2023 22:00;Barcelona;Ath Bilbao;1.44;1.85;4.50;3.75;7.00;4.00;1.80;1.62;1.95;2.20;1.62;1.70;2.25;2.10;0 - 0;1 - 0;80;SPAIN: Laliga - Round 10;https://www.flashscore.com/match/football/Yy5N8VG2/#/match-summary;
22.10.2023 19:30;Villarreal;Alaves;1.67;2.00;3.60;3.40;5.25;3.80;1.91;1.91;1.91;1.91;1.99;2.08;1.91;1.73;0 - 0;1 - 1;48, 65;SPAIN: Laliga - Round 10;https://www.flashscore.com/match/football/z9DGoaF6/#/match-summary;
22.10.2023 17:15;Girona;Almeria;1.60;1.36;4.00;5.00;5.25;8.00;1.62;1.80;2.20;1.95;1.57;1.50;2.35;2.50;3 - 2;5 - 2;2, 24, 37, 39, 43, 71, 85;SPAIN: Laliga - Round 10;https://www.flashscore.com/match/football/KYGupnv2/#/match-summary;
22.10.2023 15:00;Las Palmas;Rayo Vallecano;2.63;2.55;3.25;3.00;2.63;3.00;1.95;2.05;1.80;1.70;2.25;2.50;1.62;1.50;0 - 0;0 - 1;90+1;SPAIN: Laliga - Round 10;https://www.flashscore.com/match/football/MmbxoSOe/#/match-summary;
21.10.2023 22:00;Celta Vigo;Atl. Madrid;3.25;3.30;3.30;3.50;2.20;2.15;1.91;1.75;1.91;2.00;2.10;1.97;1.70;1.93;0 - 1;0 - 3;29, 64, 70;SPAIN: Laliga - Round 10;https://www.flashscore.com/match/football/CS3R7kW8/#/match-summary;
21.10.2023 19:30;Sevilla;Real Madrid;3.80;4.75;3.50;4.00;1.95;1.73;1.62;1.57;2.20;2.25;1.73;1.57;2.08;2.35;0 - 0;1 - 1;74, 78;SPAIN: Laliga - Round 10;https://www.flashscore.com/match/football/EgP7mLpf/#/match-summary;
21.10.2023 17:15;Getafe;Betis;2.45;2.45;3.00;3.00;3.10;3.25;2.05;1.95;1.70;1.80;2.50;2.35;1.50;1.57;1 - 1;1 - 1;1, 17;SPAIN: Laliga - Round 10;https://www.flashscore.com/match/football/U3bW69oF/#/match-summary;
21.10.2023 15:00;Real Sociedad;Mallorca;1.50;1.65;3.80;3.50;7.00;6.00;2.63;2.50;1.44;1.50;2.40;2.60;1.53;1.48;0 - 0;1 - 0;64;SPAIN: Laliga - Round 10;https://www.flashscore.com/match/football/0jL3l1Vm/#/match-summary;
20.10.2023 22:00;Osasuna;Granada CF;1.80;1.65;3.50;3.80;4.50;5.50;2.00;1.95;1.75;1.80;2.15;2.08;1.67;1.82;1 - 0;2 - 0;11, 59;SPAIN: Laliga - Round 10;https://www.flashscore.com/match/football/dIECnu00/#/match-summary;
08.10.2023 22:00;Granada CF;Barcelona;6.50;6.50;4.50;5.25;1.44;1.40;1.75;1.62;2.00;2.20;1.57;1.44;2.38;2.70;2 - 1;2 - 2;1, 29, 45+1, 85;SPAIN: Laliga - Round 9;https://www.flashscore.com/match/football/UkJchAWL/#/match-summary;
08.10.2023 19:30;Alaves;Betis;2.80;2.45;3.25;3.20;2.50;3.00;1.95;1.91;1.80;1.91;2.20;2.20;1.67;1.65;1 - 1;1 - 1;32, 35;SPAIN: Laliga - Round 9;https://www.flashscore.com/match/football/YNPlfW19/#/match-summary;
08.10.2023 19:30;Celta Vigo;Getafe;2.10;2.00;3.25;3.25;3.50;4.20;1.95;2.00;1.80;1.75;2.20;2.30;1.67;1.60;2 - 2;2 - 2;2, 24, 33, 43;SPAIN: Laliga - Round 9;https://www.flashscore.com/match/football/0ARtdhXd/#/match-summary;
08.10.2023 17:15;Atl. Madrid;Real Sociedad;1.83;1.95;3.50;3.25;4.33;4.20;1.67;1.95;2.10;1.80;1.73;2.15;2.10;1.67;1 - 0;2 - 1;22, 73, 89;SPAIN: Laliga - Round 9;https://www.flashscore.com/match/football/MRM1Yluj/#/match-summary;
08.10.2023 15:00;Villarreal;Las Palmas;1.53;1.65;4.00;4.00;6.00;5.25;1.80;1.75;1.95;2.00;1.73;1.75;2.10;2.05;0 - 1;1 - 2;45+2, 51, 90+2;SPAIN: Laliga - Round 9;https://www.flashscore.com/match/football/vP8Xo89k/#/match-summary;
07.10.2023 22:00;Sevilla;Rayo Vallecano;1.83;1.80;3.50;3.75;4.33;4.33;1.80;1.91;1.95;1.91;1.91;2.02;1.91;1.88;0 - 2;2 - 2;21, 26, 50, 90+6;SPAIN: Laliga - Round 9;https://www.flashscore.com/match/football/0Y9Tnlfq/#/match-summary;
07.10.2023 19:30;Mallorca;Valencia;2.50;2.45;3.25;2.90;2.80;3.20;1.80;2.10;1.95;1.67;2.00;2.70;1.80;1.44;1 - 1;1 - 1;5, 45+3;SPAIN: Laliga - Round 9;https://www.flashscore.com/match/football/v1QpeCn3/#/match-summary;
07.10.2023 17:15;Real Madrid;Osasuna;1.33;1.29;5.00;6.50;9.00;8.50;1.91;2.00;1.91;1.75;1.57;1.53;2.38;2.40;1 - 0;4 - 0;9, 54, 65, 70;SPAIN: Laliga - Round 9;https://www.flashscore.com/match/football/8tI1iUoS/#/match-summary;
07.10.2023 15:00;Cadiz CF;Girona;3.10;3.30;3.40;3.40;2.25;2.20;1.75;1.80;2.00;1.95;1.91;2.04;1.91;1.86;0 - 0;0 - 1;59;SPAIN: Laliga - Round 9;https://www.flashscore.com/match/football/0IL5X8fd/#/match-summary;
06.10.2023 22:00;Ath Bilbao;Almeria;1.53;1.30;4.00;5.75;6.00;8.50;1.70;1.95;2.05;1.80;1.62;1.53;2.30;2.40;1 - 0;3 - 0;10, 63, 81;SPAIN: Laliga - Round 9;https://www.flashscore.com/match/football/nRThgjHF/#/match-summary;
02.10.2023 22:00;Las Palmas;Celta Vigo;2.63;2.80;3.10;3.10;2.75;2.60;1.95;1.95;1.80;1.80;2.25;2.30;1.62;1.60;0 - 0;2 - 1;67, 84, 90+7;SPAIN: Laliga - Round 8;https://www.flashscore.com/match/football/jqWVwBHS/#/match-summary;
01.10.2023 22:00;Atl. Madrid;Cadiz CF;1.33;1.33;5.00;5.50;8.50;9.00;2.00;2.20;1.75;1.62;1.65;1.75;2.20;2.05;1 - 2;3 - 2;12, 27, 32, 46, 66;SPAIN: Laliga - Round 8;https://www.flashscore.com/match/football/E1cOKVAj/#/match-summary;
01.10.2023 22:00;Betis;Valencia;2.20;2.05;3.20;3.25;3.40;4.00;1.95;1.95;1.80;1.80;2.25;2.25;1.62;1.62;1 - 0;3 - 0;41, 52, 85;SPAIN: Laliga - Round 8;https://www.flashscore.com/match/football/vukArZ2c/#/match-summary;
01.10.2023 17:15;Alaves;Osasuna;2.55;2.50;3.00;3.00;3.00;3.10;2.00;2.10;1.75;1.67;2.40;2.70;1.53;1.44;0 - 1;0 - 2;36, 90;SPAIN: Laliga - Round 8;https://www.flashscore.com/match/football/UTsNuXnG/#/match-summary;
01.10.2023 15:00;Almeria;Granada CF;2.05;1.91;3.50;3.75;3.40;3.80;1.75;1.62;2.00;2.20;1.92;1.70;1.98;2.10;3 - 0;3 - 3;41, 44, 45+1, 66, 70, 86;SPAIN: Laliga - Round 8;https://www.flashscore.com/match/football/zBbKLBep/#/match-summary;
30.09.2023 22:00;Real Sociedad;Ath Bilbao;2.20;2.20;3.20;3.10;3.40;3.60;1.95;2.10;1.80;1.67;2.25;2.40;1.62;1.53;1 - 0;3 - 0;30, 48, 66;SPAIN: Laliga - Round 8;https://www.flashscore.com/match/football/8KtRvi2M/#/match-summary;
30.09.2023 19:30;Girona;Real Madrid;3.60;3.75;3.80;4.00;1.91;1.85;1.62;1.53;2.20;2.38;1.65;1.57;2.20;2.35;0 - 2;0 - 3;17, 21, 71;SPAIN: Laliga - Round 8;https://www.flashscore.com/match/football/0fwJtDX9/#/match-summary;
30.09.2023 17:15;Rayo Vallecano;Mallorca;2.05;1.95;3.10;3.20;4.00;4.20;2.05;2.10;1.70;1.67;2.40;2.50;1.53;1.50;1 - 1;2 - 2;4, 44, 59, 90+12;SPAIN: Laliga - Round 8;https://www.flashscore.com/match/football/S4NcZUPq/#/match-summary;
30.09.2023 15:00;Getafe;Villarreal;2.88;2.75;3.10;3.00;2.55;2.75;1.80;1.91;1.95;1.91;2.08;2.30;1.73;1.60;0 - 0;0 - 0;;SPAIN: Laliga - Round 8;https://www.flashscore.com/match/football/M3vFsgI3/#/match-summary;
29.09.2023 22:00;Barcelona;Sevilla;1.36;1.33;4.75;5.00;8.50;8.50;1.80;1.67;1.95;2.10;1.53;1.44;2.40;2.70;0 - 0;1 - 0;76;SPAIN: Laliga - Round 8;https://www.flashscore.com/match/football/S4o6qFmi/#/match-summary;
28.09.2023 22:30;Osasuna;Atl. Madrid;3.80;3.80;3.60;3.40;1.91;2.00;1.70;1.95;2.05;1.80;1.80;2.20;2.00;1.67;0 - 1;0 - 2;20, 81;SPAIN: Laliga - Round 7;https://www.flashscore.com/match/football/hABTVeJi/#/match-summary;
28.09.2023 20:00;Celta Vigo;Alaves;1.91;1.57;3.40;3.75;4.00;6.50;2.05;2.20;1.70;1.62;2.38;2.20;1.57;1.67;1 - 0;1 - 1;35, 73;SPAIN: Laliga - Round 7;https://www.flashscore.com/match/football/fHGiQimT/#/match-summary;
28.09.2023 20:00;Granada CF;Betis;3.20;2.80;3.25;3.30;2.25;2.55;1.95;1.70;1.80;2.05;2.20;1.97;1.67;1.93;0 - 0;1 - 1;51, 67;SPAIN: Laliga - Round 7;https://www.flashscore.com/match/football/QyPzUZm4/#/match-summary;
27.09.2023 22:30;Cadiz CF;Rayo Vallecano;2.63;2.55;3.00;3.10;2.88;2.90;1.95;1.95;1.80;1.80;2.30;2.30;1.62;1.62;0 - 0;0 - 0;;SPAIN: Laliga - Round 7;https://www.flashscore.com/match/football/CEYt8hRp/#/match-summary;
27.09.2023 22:30;Valencia;Real Sociedad;2.63;2.50;3.00;3.00;2.88;3.10;2.00;2.10;1.75;1.67;2.38;2.63;1.57;1.50;0 - 1;0 - 1;32;SPAIN: Laliga - Round 7;https://www.flashscore.com/match/football/M3IqSDIG/#/match-summary;
27.09.2023 20:00;Ath Bilbao;Getafe;1.67;1.50;3.50;4.20;5.50;6.50;2.25;2.25;1.57;1.57;2.38;2.10;1.57;1.73;1 - 0;2 - 2;6, 51, 62, 83;SPAIN: Laliga - Round 7;https://www.flashscore.com/match/football/zgsFCYIT/#/match-summary;
27.09.2023 20:00;Real Madrid;Las Palmas;1.29;1.17;6.00;8.00;8.00;15.00;1.91;2.10;1.91;1.67;1.50;1.44;2.63;2.75;1 - 0;2 - 0;45+3, 54;SPAIN: Laliga - Round 7;https://www.flashscore.com/match/football/GQHmRXXM/#/match-summary;
27.09.2023 20:00;Villarreal;Girona;1.91;2.15;3.60;3.75;3.75;3.25;1.57;1.50;2.25;2.50;1.62;1.62;2.30;2.30;0 - 0;1 - 2;49, 56, 61;SPAIN: Laliga - Round 7;https://www.flashscore.com/match/football/80EuTg3A/#/match-summary;
26.09.2023 22:30;Mallorca;Barcelona;4.90;7.00;3.90;4.33;1.67;1.45;1.80;2.05;1.95;1.70;1.80;1.94;2.00;1.96;2 - 1;2 - 2;8, 41, 45+3, 75;SPAIN: Laliga - Round 7;https://www.flashscore.com/match/football/noQWUFYc/#/match-summary;
26.09.2023 20:00;Sevilla;Almeria;1.57;1.70;4.00;3.75;5.50;5.00;1.75;1.75;2.00;2.00;1.67;1.80;2.20;2.00;3 - 0;5 - 1;7, 8, 38, 51, 71, 90+2;SPAIN: Laliga - Round 7;https://www.flashscore.com/match/football/EJCPWy4o/#/match-summary;
24.09.2023 22:00;Atl. Madrid;Real Madrid;2.63;2.75;3.50;3.30;2.50;2.60;1.62;1.70;2.20;2.05;1.73;2.00;2.10;1.90;2 - 1;3 - 1;4, 18, 35, 46;SPAIN: Laliga - Round 6;https://www.flashscore.com/match/football/hCtzC1SI/#/match-summary;
24.09.2023 19:30;Betis;Cadiz CF;1.80;1.75;3.50;3.50;4.50;4.75;1.95;2.00;1.80;1.75;2.10;2.10;1.73;1.73;0 - 1;1 - 1;41, 60;SPAIN: Laliga - Round 6;https://www.flashscore.com/match/football/IicoJIZo/#/match-summary;
24.09.2023 19:30;Las Palmas;Granada CF;2.10;1.91;3.30;3.60;3.50;4.00;2.00;1.70;1.75;2.05;2.30;1.93;1.62;1.97;0 - 0;1 - 0;90+2;SPAIN: Laliga - Round 6;https://www.flashscore.com/match/football/tWsBDE3N/#/match-summary;
24.09.2023 17:15;Rayo Vallecano;Villarreal;2.75;2.55;3.40;3.40;2.45;2.70;1.62;1.62;2.20;2.20;1.73;1.80;2.10;2.00;1 - 1;1 - 1;15, 16;SPAIN: Laliga - Round 6;https://www.flashscore.com/match/football/6DkbGGJ4/#/match-summary;
24.09.2023 15:00;Real Sociedad;Getafe;1.62;1.70;3.60;3.25;6.00;6.00;2.38;2.63;1.53;1.44;2.50;3.00;1.53;1.40;1 - 2;4 - 3;2, 39, 45+5, 61, 66, 88, 90+2;SPAIN: Laliga - Round 6;https://www.flashscore.com/match/football/2uq7EflH/#/match-summary;
23.09.2023 22:00;Almeria;Valencia;2.75;2.63;3.30;3.40;2.50;2.63;1.80;1.80;1.95;1.95;2.00;2.10;1.80;1.73;0 - 1;2 - 2;14, 59, 63, 69;SPAIN: Laliga - Round 6;https://www.flashscore.com/match/football/ELsWCsDC/#/match-summary;
23.09.2023 19:30;Barcelona;Celta Vigo;1.36;1.25;5.00;6.00;7.50;11.00;1.91;1.95;1.91;1.80;1.62;1.44;2.30;2.75;0 - 1;3 - 2;19, 76, 81, 85, 89;SPAIN: Laliga - Round 6;https://www.flashscore.com/match/football/v1bsKbKu/#/match-summary;
23.09.2023 17:15;Osasuna;Sevilla;2.50;2.40;3.30;3.20;2.75;3.10;1.80;1.91;1.95;1.91;2.00;2.30;1.80;1.62;0 - 0;0 - 0;;SPAIN: Laliga - Round 6;https://www.flashscore.com/match/football/CjjfHd4b/#/match-summary;
23.09.2023 15:00;Girona;Mallorca;2.00;1.91;3.30;3.25;3.80;4.50;2.05;2.10;1.70;1.67;2.38;2.50;1.57;1.53;4 - 1;5 - 3;4, 26, 33, 37, 45, 57, 88, 90+5;SPAIN: Laliga - Round 6;https://www.flashscore.com/match/football/0GnjIxkh/#/match-summary;
22.09.2023 22:00;Alaves;Ath Bilbao;3.75;4.33;3.10;3.00;2.10;2.05;2.10;2.20;1.67;1.62;2.50;2.75;1.53;1.44;0 - 1;0 - 2;18, 76;SPAIN: Laliga - Round 6;https://www.flashscore.com/match/football/p4l2FzZA/#/match-summary;
18.09.2023 22:00;Granada CF;Girona;2.75;2.88;3.30;3.50;2.50;2.38;1.80;1.57;1.95;2.25;2.00;1.67;1.80;2.20;0 - 3;2 - 4;22, 31, 34, 63, 85, 89;SPAIN: Laliga - Round 5;https://www.flashscore.com/match/football/OWlJFqTg/#/match-summary;
17.09.2023 22:00;Real Madrid;Real Sociedad;1.62;1.73;4.00;3.80;5.00;4.75;1.75;1.91;2.00;1.91;1.73;1.93;2.10;1.97;0 - 1;2 - 1;5, 46, 60;SPAIN: Laliga - Round 5;https://www.flashscore.com/match/football/2LnjMojQ/#/match-summary;
17.09.2023 19:30;Sevilla;Las Palmas;1.73;1.57;3.75;4.20;4.50;6.00;2.00;1.95;1.75;1.80;2.10;1.89;1.73;2.01;0 - 0;1 - 0;71;SPAIN: Laliga - Round 5;https://www.flashscore.com/match/football/IglNE3r0/#/match-summary;
17.09.2023 17:15;Villarreal;Almeria;1.57;1.50;4.00;4.50;5.50;5.75;1.80;1.50;1.95;2.50;1.73;1.40;2.10;3.00;1 - 1;2 - 1;44, 45+5, 90+4;SPAIN: Laliga - Round 5;https://www.flashscore.com/match/football/4UYHH5bs/#/match-summary;
17.09.2023 15:00;Getafe;Osasuna;2.50;2.60;3.00;2.90;3.00;3.10;2.20;2.25;1.62;1.57;2.75;3.00;1.44;1.40;1 - 1;3 - 2;36, 45, 51, 57, 86;SPAIN: Laliga - Round 5;https://www.flashscore.com/match/football/8bmnNRzK/#/match-summary;
16.09.2023 22:00;Barcelona;Betis;1.44;1.30;4.50;5.75;6.50;8.00;1.80;1.80;1.95;1.95;1.67;1.44;2.20;2.75;2 - 0;5 - 0;25, 32, 62, 66, 81;SPAIN: Laliga - Round 5;https://www.flashscore.com/match/football/jNI1FFHD/#/match-summary;
16.09.2023 19:30;Celta Vigo;Mallorca;2.00;2.00;3.10;3.10;4.20;4.33;2.20;2.20;1.62;1.62;2.63;2.63;1.50;1.50;0 - 0;0 - 1;85;SPAIN: Laliga - Round 5;https://www.flashscore.com/match/football/feqrO7LD/#/match-summary;
16.09.2023 17:15;Valencia;Atl. Madrid;3.20;3.40;3.25;3.25;2.25;2.20;2.00;1.95;1.75;1.80;2.30;2.20;1.62;1.67;2 - 0;3 - 0;5, 34, 54;SPAIN: Laliga - Round 5;https://www.flashscore.com/match/football/ptjFGPDm/#/match-summary;
16.09.2023 15:00;Ath Bilbao;Cadiz CF;1.57;1.53;3.75;3.80;6.00;7.00;2.20;2.10;1.62;1.67;2.20;2.10;1.67;1.73;0 - 0;3 - 0;66, 68, 90;SPAIN: Laliga - Round 5;https://www.flashscore.com/match/football/CWJcGe27/#/match-summary;
15.09.2023 22:00;Rayo Vallecano;Alaves;1.91;2.00;3.40;3.25;4.00;4.00;1.95;2.20;1.80;1.62;2.10;2.63;1.73;1.50;1 - 0;2 - 0;43, 82;SPAIN: Laliga - Round 5;https://www.flashscore.com/match/football/WdhRDNc6/#/match-summary;
03.09.2023 22:00;Osasuna;Barcelona;4.75;6.50;3.80;4.50;1.70;1.50;1.75;1.80;2.00;1.95;1.80;1.73;2.00;2.10;0 - 1;1 - 2;45+1, 76, 85;SPAIN: Laliga - Round 4;https://www.flashscore.com/match/football/MsRpJcIl/#/match-summary;
03.09.2023 17:15;Mallorca;Ath Bilbao;3.10;3.10;3.00;2.90;2.45;2.55;2.05;2.20;1.70;1.62;2.50;2.75;1.53;1.44;0 - 0;0 - 0;;SPAIN: Laliga - Round 4;https://www.flashscore.com/match/football/Od8sKw3r/#/match-summary;
03.09.2023 15:00;Girona;Las Palmas;1.65;1.70;3.75;4.00;5.25;4.75;2.10;1.91;1.67;1.91;2.20;1.94;1.67;1.96;0 - 0;1 - 0;88;SPAIN: Laliga - Round 4;https://www.flashscore.com/match/football/SQMBPauL/#/match-summary;
02.09.2023 22:00;Betis;Rayo Vallecano;1.91;2.05;3.40;3.30;4.00;3.80;1.80;1.95;1.95;1.80;2.04;2.30;1.86;1.62;0 - 0;1 - 0;53;SPAIN: Laliga - Round 4;https://www.flashscore.com/match/football/WbT2RLA8/#/match-summary;
02.09.2023 19:30;Alaves;Valencia;3.40;3.20;3.00;2.90;2.30;2.55;2.10;2.20;1.67;1.62;2.63;2.75;1.50;1.44;1 - 0;1 - 0;6;SPAIN: Laliga - Round 4;https://www.flashscore.com/match/football/6HLFOJfR/#/match-summary;
02.09.2023 17:15;Real Madrid;Getafe;1.25;1.36;6.00;4.75;10.00;8.50;2.20;2.50;1.62;1.50;1.67;2.07;2.20;1.83;0 - 1;2 - 1;11, 47, 90+5;SPAIN: Laliga - Round 4;https://www.flashscore.com/match/football/46GkIHXf/#/match-summary;
02.09.2023 15:00;Real Sociedad;Granada CF;1.40;1.40;5.00;4.50;6.50;8.00;1.95;2.10;1.80;1.67;1.73;1.94;2.10;1.96;2 - 1;5 - 3;9, 35, 44, 59, 67, 76, 83, 90+9;SPAIN: Laliga - Round 4;https://www.flashscore.com/match/football/rcFgHym1/#/match-summary;
01.09.2023 23:00;Almeria;Celta Vigo;2.45;2.80;3.30;3.30;2.80;2.50;1.67;1.75;2.10;2.00;1.86;2.03;2.04;1.87;0 - 2;2 - 3;24, 33, 54, 68, 87;SPAIN: Laliga - Round 4;https://www.flashscore.com/match/football/4hyH3II1/#/match-summary;
01.09.2023 20:30;Cadiz CF;Villarreal;3.10;3.20;3.30;3.50;2.25;2.20;1.67;1.62;2.10;2.20;1.86;1.73;2.04;2.10;2 - 1;3 - 1;10, 18, 30, 50;SPAIN: Laliga - Round 4;https://www.flashscore.com/match/football/AkS6QuQE/#/match-summary;
28.08.2023 22:30;Rayo Vallecano;Atl. Madrid;4.50;3.80;3.50;3.30;1.85;2.05;1.80;1.95;1.95;1.80;2.00;2.20;1.90;1.67;0 - 3;0 - 7;2, 16, 36, 73, 79, 84, 86;SPAIN: Laliga - Round 3;https://www.flashscore.com/match/football/juCXBtBL/#/match-summary;
28.08.2023 20:30;Getafe;Alaves;2.00;2.45;2.90;2.60;4.50;3.60;2.38;2.75;1.53;1.40;3.00;4.00;1.40;1.25;0 - 0;1 - 0;84;SPAIN: Laliga - Round 3;https://www.flashscore.com/match/football/MToC4b3e/#/match-summary;
27.08.2023 22:30;Ath Bilbao;Betis;1.80;1.91;3.50;3.30;4.50;4.00;1.80;1.95;1.95;1.80;1.95;2.20;1.95;1.67;3 - 2;4 - 2;2, 10, 30, 45, 45+7, 84;SPAIN: Laliga - Round 3;https://www.flashscore.com/match/football/lGRYjuZe/#/match-summary;
27.08.2023 20:30;Valencia;Osasuna;2.00;1.75;3.30;3.40;3.75;5.25;1.95;2.38;1.80;1.53;2.20;2.63;1.67;1.50;0 - 1;1 - 2;24, 80, 90+5;SPAIN: Laliga - Round 3;https://www.flashscore.com/match/football/rwm85vlk/#/match-summary;
27.08.2023 18:30;Villarreal;Barcelona;3.25;3.40;3.50;3.60;2.10;2.10;1.50;1.53;2.50;2.38;1.62;1.62;2.30;2.30;2 - 2;3 - 4;12, 15, 26, 40, 50, 68, 71;SPAIN: Laliga - Round 3;https://www.flashscore.com/match/football/Y31xB0QR/#/match-summary;
26.08.2023 22:30;Sevilla;Girona;1.75;1.91;3.40;3.50;5.00;4.20;1.80;1.75;1.95;2.00;1.93;2.05;1.97;1.85;1 - 1;1 - 2;16, 45+2, 56;SPAIN: Laliga - Round 3;https://www.flashscore.com/match/football/zDm46KYr/#/match-summary;
26.08.2023 20:30;Granada CF;Mallorca;2.38;2.70;2.90;3.00;3.30;2.90;2.20;2.20;1.62;1.62;2.75;2.63;1.44;1.50;1 - 1;3 - 2;12, 38, 46, 70, 87;SPAIN: Laliga - Round 3;https://www.flashscore.com/match/football/4O9LErR2/#/match-summary;
26.08.2023 20:00;Cadiz CF;Almeria;2.25;2.15;3.25;3.30;3.20;3.60;1.75;1.80;2.00;1.95;2.05;2.05;1.85;1.85;0 - 0;1 - 1;59, 90+5;SPAIN: Laliga - Round 3;https://www.flashscore.com/match/football/xx8TCMeF/#/match-summary;
25.08.2023 22:30;Celta Vigo;Real Madrid;4.75;4.20;3.60;3.60;1.75;1.85;1.67;1.70;2.10;2.05;1.73;1.87;2.10;2.03;0 - 0;0 - 1;81;SPAIN: Laliga - Round 3;https://www.flashscore.com/match/football/S6Qxjal2/#/match-summary;
25.08.2023 20:30;Las Palmas;Real Sociedad;3.75;4.33;3.00;3.30;2.15;1.91;2.10;2.10;1.67;1.67;2.63;2.50;1.50;1.53;0 - 0;0 - 0;;SPAIN: Laliga - Round 3;https://www.flashscore.com/match/football/rF8PD2t9/#/match-summary;
21.08.2023 22:30;Granada CF;Rayo Vallecano;2.70;2.88;3.00;3.10;2.80;2.63;2.00;2.00;1.75;1.75;2.50;2.38;1.53;1.57;0 - 0;0 - 2;75, 79;SPAIN: Laliga - Round 2;https://www.flashscore.com/match/football/8dfs1Pd3/#/match-summary;
21.08.2023 20:00;Alaves;Sevilla;3.20;3.25;3.10;3.00;2.38;2.38;2.10;2.10;1.67;1.67;2.63;2.63;1.50;1.50;2 - 2;4 - 3;7, 15, 41, 44, 54, 59, 90+7;SPAIN: Laliga - Round 2;https://www.flashscore.com/match/football/jLqn0qC9/#/match-summary;
20.08.2023 22:30;Betis;Atl. Madrid;3.75;3.75;3.30;3.40;2.00;2.00;1.95;1.80;1.80;1.95;2.20;1.99;1.67;1.91;0 - 0;0 - 0;;SPAIN: Laliga - Round 2;https://www.flashscore.com/match/football/bomfbNtM/#/match-summary;
20.08.2023 20:30;Barcelona;Cadiz CF;1.22;1.29;6.50;5.75;11.00;10.00;2.20;2.20;1.62;1.62;1.62;1.67;2.30;2.20;0 - 0;2 - 0;82, 90+4;SPAIN: Laliga - Round 2;https://www.flashscore.com/match/football/tj2ewM4d/#/match-summary;
20.08.2023 20:00;Girona;Getafe;2.05;1.95;3.10;3.25;4.00;4.75;2.20;2.25;1.62;1.57;2.75;2.63;1.44;1.50;1 - 0;3 - 0;12, 55, 65;SPAIN: Laliga - Round 2;https://www.flashscore.com/match/football/rJOQh14q/#/match-summary;
19.08.2023 22:30;Osasuna;Ath Bilbao;2.80;2.80;3.00;2.90;2.63;2.80;1.95;2.05;1.80;1.70;2.30;2.63;1.62;1.50;0 - 2;0 - 2;11, 20;SPAIN: Laliga - Round 2;https://www.flashscore.com/match/football/UBrja3RF/#/match-summary;
19.08.2023 20:30;Almeria;Real Madrid;7.00;7.00;4.75;5.00;1.40;1.40;1.95;1.62;1.80;2.20;1.67;1.44;2.20;2.75;1 - 1;1 - 3;3, 19, 60, 73;SPAIN: Laliga - Round 2;https://www.flashscore.com/match/football/2a3iv2kj/#/match-summary;
19.08.2023 18:00;Real Sociedad;Celta Vigo;1.73;1.70;3.50;3.40;4.75;6.00;2.10;2.38;1.67;1.53;2.30;2.50;1.62;1.53;1 - 0;1 - 1;22, 90+4;SPAIN: Laliga - Round 2;https://www.flashscore.com/match/football/xxnbcsdS/#/match-summary;
18.08.2023 22:30;Valencia;Las Palmas;1.75;1.60;3.40;3.80;5.00;6.00;2.10;2.10;1.67;1.67;2.30;2.10;1.62;1.73;0 - 0;1 - 0;74;SPAIN: Laliga - Round 2;https://www.flashscore.com/match/football/fgSUiLJk/#/match-summary;
18.08.2023 20:30;Mallorca;Villarreal;3.00;2.70;3.20;3.20;2.40;2.70;1.95;1.95;1.80;1.80;2.30;2.20;1.62;1.67;0 - 0;0 - 1;62;SPAIN: Laliga - Round 2;https://www.flashscore.com/match/football/fgjw25sc/#/match-summary;
14.08.2023 22:30;Atl. Madrid;Granada CF;1.40;1.33;4.50;5.25;8.00;8.50;2.05;2.00;1.70;1.75;1.80;1.62;2.00;2.30;1 - 0;3 - 1;45+4, 62, 67, 90+8;SPAIN: Laliga - Round 1;https://www.flashscore.com/match/football/M7E22Eyt/#/match-summary;
14.08.2023 20:30;Cadiz CF;Alaves;2.25;2.25;3.00;3.00;3.50;3.75;2.05;2.25;1.70;1.57;2.50;3.00;1.53;1.40;1 - 0;1 - 0;7;SPAIN: Laliga - Round 1;https://www.flashscore.com/match/football/zwXfurzp/#/match-summary;
13.08.2023 22:30;Getafe;Barcelona;5.50;6.50;3.75;4.00;1.62;1.55;2.00;2.25;1.75;1.57;2.00;2.20;1.80;1.67;0 - 0;0 - 0;;SPAIN: Laliga - Round 1;https://www.flashscore.com/match/football/jm6JbWz5/#/match-summary;
13.08.2023 20:30;Villarreal;Betis;1.83;1.70;3.75;4.00;4.00;4.50;1.80;1.75;1.95;2.00;1.91;1.73;1.91;2.10;0 - 1;1 - 2;20, 61, 90+5;SPAIN: Laliga - Round 1;https://www.flashscore.com/match/football/4jANcjjB/#/match-summary;
13.08.2023 18:00;Celta Vigo;Osasuna;2.25;2.10;3.10;3.20;3.40;3.80;1.95;2.05;1.80;1.70;2.30;2.38;1.62;1.57;0 - 1;0 - 2;24, 74;SPAIN: Laliga - Round 1;https://www.flashscore.com/match/football/0bD61Yjn/#/match-summary;
12.08.2023 22:30;Ath Bilbao;Real Madrid;3.60;3.25;3.50;3.40;2.00;2.20;1.70;1.75;2.05;2.00;1.80;1.97;2.00;1.93;0 - 2;0 - 2;28, 36;SPAIN: Laliga - Round 1;https://www.flashscore.com/match/football/dpmdsV5U/#/match-summary;
12.08.2023 20:30;Las Palmas;Mallorca;2.63;2.55;2.88;2.90;3.00;3.10;2.05;2.38;1.70;1.53;2.50;3.20;1.53;1.36;1 - 0;1 - 1;29, 70;SPAIN: Laliga - Round 1;https://www.flashscore.com/match/football/8OGEaCLb/#/match-summary;
12.08.2023 18:00;Real Sociedad;Girona;1.67;1.80;3.75;3.60;5.00;4.33;1.91;2.00;1.91;1.75;1.91;2.10;1.91;1.73;1 - 0;1 - 1;5, 72;SPAIN: Laliga - Round 1;https://www.flashscore.com/match/football/bD9RdA5H/#/match-summary;
11.08.2023 23:00;Sevilla;Valencia;2.25;1.91;3.25;3.40;3.20;4.33;1.91;2.05;1.91;1.70;2.10;2.30;1.73;1.62;0 - 0;1 - 2;60, 69, 88;SPAIN: Laliga - Round 1;https://www.flashscore.com/match/football/UXHA0h6h/#/match-summary;
11.08.2023 20:30;Almeria;Rayo Vallecano;2.38;2.63;3.30;3.20;2.90;2.75;1.70;1.95;2.05;1.80;1.91;2.20;1.91;1.67;0 - 2;0 - 2;20, 28;SPAIN: Laliga - Round 1;https://www.flashscore.com/match/football/pAqhrBjO/#/match-summary;
